date,true_regime,true_fair_pe,true_pit_eps,true_observed_pe,true_split_factor_to_final,true_close_split_adjusted,true_pit_eps_split_adjusted,true_observed_pe_split_adjusted,demo_generator_version
2013-01-02,BULL,31.0,,,2.0,34.72429008667963,,,smooth_fair_pe_pit_truth_xnys_v5
2013-01-03,BULL,30.999999999999982,,,2.0,36.01809715905833,,,smooth_fair_pe_pit_truth_xnys_v5
2013-01-04,BULL,30.99999999999997,2.2402767797857828,31.4987759779154,2.0,35.28298820749904,1.1201383898928914,31.4987759779154,smooth_fair_pe_pit_truth_xnys_v5
2013-01-07,BULL,30.99999999999996,2.2402767797857828,31.58393872134532,2.0,35.37838226580349,1.1201383898928914,31.58393872134532,smooth_fair_pe_pit_truth_xnys_v5
2013-01-08,BULL,30.999999999999947,2.2402767797857828,31.09774157410888,2.0,34.83377417612755,1.1201383898928914,31.09774157410888,smooth_fair_pe_pit_truth_xnys_v5
2013-01-09,BULL,30.99999999999993,2.2402767797857828,30.787237392937985,2.0,34.48596652257577,1.1201383898928914,30.787237392937985,smooth_fair_pe_pit_truth_xnys_v5
2013-01-10,BULL,30.99999999999993,2.2402767797857828,30.77248130403349,2.0,34.46943766090918,1.1201383898928914,30.77248130403349,smooth_fair_pe_pit_truth_xnys_v5
2013-01-11,BULL,30.99999999999993,2.2402767797857828,31.541830822214333,2.0,35.33121559146914,1.1201383898928914,31.541830822214333,smooth_fair_pe_pit_truth_xnys_v5
2013-01-14,BULL,30.99999999999993,2.2402767797857828,32.54724782693086,2.0,36.45742177630324,1.1201383898928914,32.54724782693086,smooth_fair_pe_pit_truth_xnys_v5
2013-01-15,BULL,30.99999999999993,2.2402767797857828,32.7151094870745,2.0,36.64545006602128,1.1201383898928914,32.7151094870745,smooth_fair_pe_pit_truth_xnys_v5
2013-01-16,BULL,30.99999999999993,2.2402767797857828,32.3892746982153,2.0,36.28047001025745,1.1201383898928914,32.3892746982153,smooth_fair_pe_pit_truth_xnys_v5
2013-01-17,BULL,30.99999999999993,2.2402767797857828,33.78666613546008,2.0,37.845741804822936,1.1201383898928914,33.78666613546008,smooth_fair_pe_pit_truth_xnys_v5
2013-01-18,BULL,30.99999999999993,2.2402767797857828,33.35492739187285,2.0,37.36213466372675,1.1201383898928914,33.35492739187285,smooth_fair_pe_pit_truth_xnys_v5
2013-01-22,BULL,30.99999999999993,2.2402767797857828,32.86906574614214,2.0,36.81790238216725,1.1201383898928914,32.86906574614214,smooth_fair_pe_pit_truth_xnys_v5
2013-01-23,BULL,30.99999999999993,2.2402767797857828,31.723898862520382,2.0,35.53515699298851,1.1201383898928914,31.723898862520382,smooth_fair_pe_pit_truth_xnys_v5
2013-01-24,BULL,30.99999999999993,2.2402767797857828,32.48618644226364,2.0,36.38902457519747,1.1201383898928914,32.48618644226364,smooth_fair_pe_pit_truth_xnys_v5
2013-01-25,BULL,30.99999999999993,2.2402767797857828,32.96458229714067,2.0,36.92489413781087,1.1201383898928914,32.96458229714067,smooth_fair_pe_pit_truth_xnys_v5
2013-01-28,BULL,30.99999999999993,2.2402767797857828,34.304187457169114,2.0,38.42543730485733,1.1201383898928914,34.304187457169114,smooth_fair_pe_pit_truth_xnys_v5
2013-01-29,BULL,30.99999999999993,2.2402767797857828,33.25413752318359,2.0,37.24923606249565,1.1201383898928914,33.25413752318359,smooth_fair_pe_pit_truth_xnys_v5
2013-01-30,BULL,30.99999999999993,2.2402767797857828,33.99504406448934,2.0,38.07915392273499,1.1201383898928914,33.99504406448934,smooth_fair_pe_pit_truth_xnys_v5
2013-01-31,BULL,30.99999999999993,2.2402767797857828,33.85015362359945,2.0,37.91685657756571,1.1201383898928914,33.85015362359945,smooth_fair_pe_pit_truth_xnys_v5
2013-02-01,BULL,30.99999999999993,2.2402767797857828,34.164119695022706,2.0,38.26854202729075,1.1201383898928914,34.164119695022706,smooth_fair_pe_pit_truth_xnys_v5
2013-02-04,BULL,30.99999999999993,2.2402767797857828,32.97285501465186,2.0,36.934160726283885,1.1201383898928914,32.97285501465186,smooth_fair_pe_pit_truth_xnys_v5
2013-02-05,BULL,30.99999999999993,2.2402767797857828,33.730695681562764,2.0,37.78304715071282,1.1201383898928914,33.730695681562764,smooth_fair_pe_pit_truth_xnys_v5
2013-02-06,BULL,30.99999999999993,2.2402767797857828,34.03877483822799,2.0,38.12813844121936,1.1201383898928914,34.03877483822799,smooth_fair_pe_pit_truth_xnys_v5
2013-02-07,BULL,30.99999999999993,2.2402767797857828,33.824626917153175,2.0,37.88826313370771,1.1201383898928914,33.824626917153175,smooth_fair_pe_pit_truth_xnys_v5
2013-02-08,BULL,30.99999999999993,2.2402767797857828,34.04111491301545,2.0,38.13075964882402,1.1201383898928914,34.04111491301545,smooth_fair_pe_pit_truth_xnys_v5
2013-02-11,BULL,30.99999999999993,2.2402767797857828,33.387288031370666,2.0,37.398383058349744,1.1201383898928914,33.387288031370666,smooth_fair_pe_pit_truth_xnys_v5
2013-02-12,BULL,30.99999999999993,2.2402767797857828,32.89412356005925,2.0,36.84597060150259,1.1201383898928914,32.89412356005925,smooth_fair_pe_pit_truth_xnys_v5
2013-02-13,BULL,30.99999999999993,2.2402767797857828,32.504989942696675,2.0,36.41008709789688,1.1201383898928914,32.504989942696675,smooth_fair_pe_pit_truth_xnys_v5
2013-02-14,BULL,30.99999999999993,2.2402767797857828,31.34955674778286,2.0,35.11584201931732,1.1201383898928914,31.34955674778286,smooth_fair_pe_pit_truth_xnys_v5
2013-02-15,BULL,30.99999999999993,2.2402767797857828,31.8182175800188,2.0,35.640807009343945,1.1201383898928914,31.8182175800188,smooth_fair_pe_pit_truth_xnys_v5
2013-02-19,BULL,30.99999999999993,2.2402767797857828,32.45727414080445,2.0,36.35663879639288,1.1201383898928914,32.45727414080445,smooth_fair_pe_pit_truth_xnys_v5
2013-02-20,BULL,30.99999999999993,2.2402767797857828,31.96188647335713,2.0,35.801736052205634,1.1201383898928914,31.96188647335713,smooth_fair_pe_pit_truth_xnys_v5
2013-02-21,BULL,30.99999999999993,2.2402767797857828,32.10392776957227,2.0,35.96084196104637,1.1201383898928914,32.10392776957227,smooth_fair_pe_pit_truth_xnys_v5
2013-02-22,BULL,30.99999999999993,2.2402767797857828,31.88383634778905,2.0,35.714309110220874,1.1201383898928914,31.88383634778905,smooth_fair_pe_pit_truth_xnys_v5
2013-02-25,BULL,30.99999999999993,2.2402767797857828,32.01874128024039,2.0,35.865421304045526,1.1201383898928914,32.01874128024039,smooth_fair_pe_pit_truth_xnys_v5
2013-02-26,BULL,30.99999999999993,2.2402767797857828,31.59771963429831,2.0,35.39381879544991,1.1201383898928914,31.59771963429831,smooth_fair_pe_pit_truth_xnys_v5
2013-02-27,BULL,30.99999999999993,2.2402767797857828,31.063622396900445,2.0,34.795555975904826,1.1201383898928914,31.063622396900445,smooth_fair_pe_pit_truth_xnys_v5
2013-02-28,BULL,30.99999999999993,2.2402767797857828,31.653596344750408,2.0,35.45640844392823,1.1201383898928914,31.653596344750408,smooth_fair_pe_pit_truth_xnys_v5
2013-03-01,BULL,30.99999999999993,2.2402767797857828,31.57767003104334,2.0,35.3713604651419,1.1201383898928914,31.57767003104334,smooth_fair_pe_pit_truth_xnys_v5
2013-03-04,BULL,30.99999999999993,2.2402767797857828,32.71194841203616,2.0,36.64190922451751,1.1201383898928914,32.71194841203616,smooth_fair_pe_pit_truth_xnys_v5
2013-03-05,BULL,30.99999999999993,2.2402767797857828,32.633807578467945,2.0,36.55438067701952,1.1201383898928914,32.633807578467945,smooth_fair_pe_pit_truth_xnys_v5
2013-03-06,BULL,30.99999999999993,2.2402767797857828,31.9955775998608,2.0,35.83947477640114,1.1201383898928914,31.9955775998608,smooth_fair_pe_pit_truth_xnys_v5
2013-03-07,BULL,30.99999999999993,2.2402767797857828,32.64807840725783,2.0,36.57036598020266,1.1201383898928914,32.64807840725783,smooth_fair_pe_pit_truth_xnys_v5
2013-03-08,BULL,30.99999999999993,2.2402767797857828,32.91842314107034,2.0,36.87318949505143,1.1201383898928914,32.91842314107034,smooth_fair_pe_pit_truth_xnys_v5
2013-03-11,BULL,30.99999999999993,2.2402767797857828,33.232006750178414,2.0,37.22444653405454,1.1201383898928914,33.232006750178414,smooth_fair_pe_pit_truth_xnys_v5
2013-03-12,BULL,30.99999999999993,2.2402767797857828,33.810544000856694,2.0,37.87248831852238,1.1201383898928914,33.810544000856694,smooth_fair_pe_pit_truth_xnys_v5
2013-03-13,BULL,30.99999999999993,2.2402767797857828,33.2420367812658,2.0,37.23568155692735,1.1201383898928914,33.2420367812658,smooth_fair_pe_pit_truth_xnys_v5
2013-03-14,BULL,30.99999999999993,2.2402767797857828,33.027316812420025,2.0,36.99516547674659,1.1201383898928914,33.027316812420025,smooth_fair_pe_pit_truth_xnys_v5
2013-03-15,BULL,30.99999999999993,2.2402767797857828,32.80064029755005,2.0,36.74125641035361,1.1201383898928914,32.80064029755005,smooth_fair_pe_pit_truth_xnys_v5
2013-03-18,BULL,30.99999999999993,2.2402767797857828,31.938971743261696,2.0,35.77606838333171,1.1201383898928914,31.938971743261696,smooth_fair_pe_pit_truth_xnys_v5
2013-03-19,BEAR,30.53787932057013,2.2402767797857828,31.257914090178712,2.0,35.013189560383104,1.1201383898928914,31.257914090178712,smooth_fair_pe_pit_truth_xnys_v5
2013-03-20,BEAR,30.093945192549548,2.2402767797857828,31.50937996518641,2.0,35.29486614072724,1.1201383898928914,31.50937996518641,smooth_fair_pe_pit_truth_xnys_v5
2013-03-21,BEAR,29.66732372491801,2.2402767797857828,31.109770094105052,2.0,34.84724778314886,1.1201383898928914,31.109770094105052,smooth_fair_pe_pit_truth_xnys_v5
2013-03-22,BEAR,29.25719150068928,2.2402767797857828,29.860109321771912,2.0,33.44745477771531,1.1201383898928914,29.860109321771912,smooth_fair_pe_pit_truth_xnys_v5
2013-03-25,BEAR,28.86277218858222,2.2402767797857828,28.609008749873755,2.0,32.04604899751523,1.1201383898928914,28.609008749873755,smooth_fair_pe_pit_truth_xnys_v5
2013-03-26,BEAR,28.48333341143097,2.2402767797857828,29.10715451996628,2.0,32.60404119835862,1.1201383898928914,29.10715451996628,smooth_fair_pe_pit_truth_xnys_v5
2013-03-27,BEAR,28.11818384981133,2.2402767797857828,28.650065353868776,2.0,32.09203807580868,1.1201383898928914,28.650065353868776,smooth_fair_pe_pit_truth_xnys_v5
2013-03-28,BEAR,27.7666705613294,2.2402767797857828,27.93269614392688,2.0,31.28848528402563,1.1201383898928914,27.93269614392688,smooth_fair_pe_pit_truth_xnys_v5
2013-04-01,BEAR,27.42817649779261,2.2402767797857828,27.44661345368829,2.0,30.744005402026968,1.1201383898928914,27.44661345368829,smooth_fair_pe_pit_truth_xnys_v5
2013-04-02,BEAR,27.10211820408442,2.2402767797857828,26.407603879953605,2.0,29.5801708910205,1.1201383898928914,26.407603879953605,smooth_fair_pe_pit_truth_xnys_v5
2013-04-03,BEAR,26.78794368400792,2.2402767797857828,26.82046826161633,2.0,30.042636134740317,1.1201383898928914,26.82046826161633,smooth_fair_pe_pit_truth_xnys_v5
2013-04-04,BEAR,26.485130419669478,2.2402767797857828,27.019462357382967,2.0,30.265537060770544,1.1201383898928914,27.019462357382967,smooth_fair_pe_pit_truth_xnys_v5
2013-04-05,BEAR,26.1931835321538,2.2402767797857828,27.397245240229758,2.0,30.68870617089164,1.1201383898928914,27.397245240229758,smooth_fair_pe_pit_truth_xnys_v5
2013-04-08,BEAR,25.91163407230967,2.2990770046657256,26.40397687201731,2.0,30.352388029090328,1.1495385023328628,26.40397687201731,smooth_fair_pe_pit_truth_xnys_v5
2013-04-09,BEAR,25.640037431433317,2.2990770046657256,26.777979541280374,2.0,30.78231849738348,1.1495385023328628,26.777979541280374,smooth_fair_pe_pit_truth_xnys_v5
2013-04-10,BEAR,25.377971862513093,2.2990770046657256,26.55774344152306,2.0,30.529148621108828,1.1495385023328628,26.55774344152306,smooth_fair_pe_pit_truth_xnys_v5
2013-04-11,BEAR,25.12503710349449,2.2990770046657256,26.62728532959506,2.0,30.609089698972515,1.1495385023328628,26.62728532959506,smooth_fair_pe_pit_truth_xnys_v5
2013-04-12,BEAR,24.88085309474648,2.2990770046657256,26.61911442152651,2.0,30.59969692554869,1.1495385023328628,26.61911442152651,smooth_fair_pe_pit_truth_xnys_v5
2013-04-15,BEAR,24.645058783566487,2.2990770046657256,26.55650679124697,2.0,30.527727044002543,1.1495385023328628,26.55650679124697,smooth_fair_pe_pit_truth_xnys_v5
2013-04-16,BEAR,24.41731100915704,2.2990770046657256,26.357994773968457,2.0,30.299529836965124,1.1495385023328628,26.357994773968457,smooth_fair_pe_pit_truth_xnys_v5
2013-04-17,BEAR,24.19728346205036,2.2990770046657256,25.89214370134161,2.0,29.764016092627497,1.1495385023328628,25.89214370134161,smooth_fair_pe_pit_truth_xnys_v5
2013-04-18,BEAR,23.984665712450745,2.2990770046657256,26.45723845254527,2.0,30.41361426660232,1.1495385023328628,26.45723845254527,smooth_fair_pe_pit_truth_xnys_v5
2013-04-19,BEAR,23.779162302414804,2.2990770046657256,25.65434573076447,2.0,29.49065816967246,1.1495385023328628,25.65434573076447,smooth_fair_pe_pit_truth_xnys_v5
2013-04-22,BEAR,23.580491897200147,2.2990770046657256,25.32637675092848,2.0,29.11364519978016,1.1495385023328628,25.32637675092848,smooth_fair_pe_pit_truth_xnys_v5
2013-04-23,BEAR,23.388386491487346,2.2990770046657256,25.01932679636229,2.0,28.760679454866764,1.1495385023328628,25.01932679636229,smooth_fair_pe_pit_truth_xnys_v5
2013-04-24,BEAR,23.20259066652211,2.2990770046657256,24.90011283964672,2.0,28.62363842160677,1.1495385023328628,24.90011283964672,smooth_fair_pe_pit_truth_xnys_v5
2013-04-25,BEAR,23.022860894536866,2.2990770046657256,24.413324245917877,2.0,28.064056190619,1.1495385023328628,24.413324245917877,smooth_fair_pe_pit_truth_xnys_v5
2013-04-26,BEAR,22.84896488709644,2.2990770046657256,24.28099998949285,2.0,27.911944363065874,1.1495385023328628,24.28099998949285,smooth_fair_pe_pit_truth_xnys_v5
2013-04-29,BEAR,22.68068098427412,2.2990770046657256,23.941548309821084,2.0,27.52173158760161,1.1495385023328628,23.941548309821084,smooth_fair_pe_pit_truth_xnys_v5
2013-04-30,BEAR,22.51779758180332,2.2990770046657256,23.02744144872716,2.0,26.47093055552751,1.1495385023328628,23.02744144872716,smooth_fair_pe_pit_truth_xnys_v5
2013-05-01,BEAR,22.36011259356922,2.2990770046657256,22.83942933851832,2.0,26.2548033959376,1.1495385023328628,22.83942933851832,smooth_fair_pe_pit_truth_xnys_v5
2013-05-02,BEAR,22.20743294700581,2.2990770046657256,22.210252506291123,2.0,25.53154040251661,1.1495385023328628,22.210252506291123,smooth_fair_pe_pit_truth_xnys_v5
2013-05-03,BEAR,22.05957410914785,2.2990770046657256,21.384088193471964,2.0,24.581832715677617,1.1495385023328628,21.384088193471964,smooth_fair_pe_pit_truth_xnys_v5
2013-05-06,BEAR,21.916359641256346,2.2990770046657256,21.337444030438533,2.0,24.528213454361595,1.1495385023328628,21.337444030438533,smooth_fair_pe_pit_truth_xnys_v5
2013-05-07,BEAR,21.77762078009159,2.2990770046657256,21.42377012246906,2.0,24.62744862090662,1.1495385023328628,21.42377012246906,smooth_fair_pe_pit_truth_xnys_v5
2013-05-08,BEAR,21.643196044050335,2.2990770046657256,21.51548254515343,2.0,24.732875581924525,1.1495385023328628,21.51548254515343,smooth_fair_pe_pit_truth_xnys_v5
2013-05-09,BEAR,21.5129308625151,2.2990770046657256,21.613108869859463,2.0,24.84510080101536,1.1495385023328628,21.613108869859463,smooth_fair_pe_pit_truth_xnys_v5
2013-05-10,BEAR,21.38667722688401,2.2990770046657256,20.74590025810117,2.0,23.848211112244567,1.1495385023328628,20.74590025810117,smooth_fair_pe_pit_truth_xnys_v5
2013-05-13,BEAR,21.264293361861245,2.2990770046657256,20.16476239228177,2.0,23.180170760321616,1.1495385023328628,20.16476239228177,smooth_fair_pe_pit_truth_xnys_v5
2013-05-14,BEAR,21.14564341568979,2.2990770046657256,20.8436676289194,2.0,23.960598469271982,1.1495385023328628,20.8436676289194,smooth_fair_pe_pit_truth_xnys_v5
2013-05-15,BEAR,21.0305971681033,2.2990770046657256,20.360727893303796,2.0,23.405440648875388,1.1495385023328628,20.360727893303796,smooth_fair_pe_pit_truth_xnys_v5
2013-05-16,BEAR,20.9190297548603,2.2990770046657256,20.516433133803336,2.0,23.584429817844608,1.1495385023328628,20.516433133803336,smooth_fair_pe_pit_truth_xnys_v5
2013-05-17,BEAR,20.810821407804507,2.2990770046657256,20.183009586827147,2.0,23.20114661301109,1.1495385023328628,20.183009586827147,smooth_fair_pe_pit_truth_xnys_v5
2013-05-20,BEAR,20.705857209469134,2.2990770046657256,20.1470257948658,2.0,23.159781858691588,1.1495385023328628,20.1470257948658,smooth_fair_pe_pit_truth_xnys_v5
2013-05-21,BEAR,20.60402686131129,2.2990770046657256,19.85328755607699,2.0,22.82211844359641,1.1495385023328628,19.85328755607699,smooth_fair_pe_pit_truth_xnys_v5
2013-05-22,BEAR,20.50522446472621,2.2990770046657256,20.00330559594965,2.0,22.99456995647454,1.1495385023328628,20.00330559594965,smooth_fair_pe_pit_truth_xnys_v5
2013-05-23,BEAR,20.40934831404905,2.2990770046657256,19.98855270063088,2.0,22.97761093528472,1.1495385023328628,19.98855270063088,smooth_fair_pe_pit_truth_xnys_v5
2013-05-24,BEAR,20.31630070080661,2.2990770046657256,19.762200240901883,2.0,22.71741006772849,1.1495385023328628,19.762200240901883,smooth_fair_pe_pit_truth_xnys_v5
2013-05-28,BEAR,20.225987728530946,2.2990770046657256,19.337995360045664,2.0,22.229770224306744,1.1495385023328628,19.337995360045664,smooth_fair_pe_pit_truth_xnys_v5
2013-05-29,BEAR,20.13831913749363,2.2990770046657256,19.399391154870862,2.0,22.300347054339635,1.1495385023328628,19.399391154870862,smooth_fair_pe_pit_truth_xnys_v5
2013-05-30,BEAR,20.05320813876212,2.2990770046657256,18.94273405810877,2.0,21.77540213924806,1.1495385023328628,18.94273405810877,smooth_fair_pe_pit_truth_xnys_v5
2013-05-31,BEAR,19.970571257019568,2.2990770046657256,19.07548146850088,2.0,21.92800039857878,1.1495385023328628,19.07548146850088,smooth_fair_pe_pit_truth_xnys_v5
2013-06-03,SIDEWAYS,20.04120921281236,2.2990770046657256,20.124998800715694,2.0,23.134460980825384,1.1495385023328628,20.124998800715694,smooth_fair_pe_pit_truth_xnys_v5
2013-06-04,SIDEWAYS,20.11032177487602,2.2990770046657256,20.68601950189941,2.0,23.77937587744184,1.1495385023328628,20.68601950189941,smooth_fair_pe_pit_truth_xnys_v5
2013-06-05,SIDEWAYS,20.177935989400183,2.2990770046657256,20.990110119168016,2.0,24.12893975019027,1.1495385023328628,20.990110119168016,smooth_fair_pe_pit_truth_xnys_v5
2013-06-06,SIDEWAYS,20.24407871872207,2.2990770046657256,20.976764271089028,2.0,24.11359818397719,1.1495385023328628,20.976764271089028,smooth_fair_pe_pit_truth_xnys_v5
2013-06-07,SIDEWAYS,20.30877662542043,2.2990770046657256,20.27878833664991,2.0,23.311247973637663,1.1495385023328628,20.27878833664991,smooth_fair_pe_pit_truth_xnys_v5
2013-06-10,SIDEWAYS,20.37205615756268,2.2990770046657256,19.86528953986457,2.0,22.8359151860646,1.1495385023328628,19.86528953986457,smooth_fair_pe_pit_truth_xnys_v5
2013-06-11,SIDEWAYS,20.433943535055835,2.2990770046657256,20.421921337398963,2.0,23.475784868953134,1.1495385023328628,20.421921337398963,smooth_fair_pe_pit_truth_xnys_v5
2013-06-12,SIDEWAYS,20.49446473705313,2.2990770046657256,20.19400990068722,2.0,23.213791897330992,1.1495385023328628,20.19400990068722,smooth_fair_pe_pit_truth_xnys_v5
2013-06-13,SIDEWAYS,20.553645490369476,2.2990770046657256,20.0167434642073,2.0,23.01001730342598,1.1495385023328628,20.0167434642073,smooth_fair_pe_pit_truth_xnys_v5
2013-06-14,SIDEWAYS,20.611511258860013,2.2990770046657256,20.045144178724293,2.0,23.042665018257026,1.1495385023328628,20.045144178724293,smooth_fair_pe_pit_truth_xnys_v5
2013-06-17,SIDEWAYS,20.66808723371756,2.2990770046657256,19.75255767285242,2.0,22.706325564494268,1.1495385023328628,19.75255767285242,smooth_fair_pe_pit_truth_xnys_v5
2013-06-18,SIDEWAYS,20.723398324645625,2.2990770046657256,19.4256081533239,2.0,22.33048450347701,1.1495385023328628,19.4256081533239,smooth_fair_pe_pit_truth_xnys_v5
2013-06-19,SIDEWAYS,20.77746915186544,2.2990770046657256,19.53425738032202,2.0,22.455380973160047,1.1495385023328628,19.53425738032202,smooth_fair_pe_pit_truth_xnys_v5
2013-06-20,SIDEWAYS,20.830324038916302,2.2990770046657256,19.343661154536505,2.0,22.23628327322027,1.1495385023328628,19.343661154536505,smooth_fair_pe_pit_truth_xnys_v5
2013-06-21,SIDEWAYS,20.881987006210228,2.2990770046657256,19.21990103845854,2.0,22.094016254735465,1.1495385023328628,19.21990103845854,smooth_fair_pe_pit_truth_xnys_v5
2013-06-24,SIDEWAYS,20.932481765302825,2.2990770046657256,19.09213439683625,2.0,21.94714358087688,1.1495385023328628,19.09213439683625,smooth_fair_pe_pit_truth_xnys_v5
2013-06-25,SIDEWAYS,20.981831713843885,2.2990770046657256,19.424890615619063,2.0,22.32965966625842,1.1495385023328628,19.424890615619063,smooth_fair_pe_pit_truth_xnys_v5
2013-06-26,SIDEWAYS,21.030059931172342,2.2990770046657256,19.47826120921684,2.0,22.391011218491418,1.1495385023328628,19.47826120921684,smooth_fair_pe_pit_truth_xnys_v5
2013-06-27,SIDEWAYS,21.077189174521425,2.2990770046657256,19.548968076875266,2.0,22.47229148524413,1.1495385023328628,19.548968076875266,smooth_fair_pe_pit_truth_xnys_v5
2013-06-28,SIDEWAYS,21.123241875801213,2.2990770046657256,19.892966574892373,2.0,22.86773100345948,1.1495385023328628,19.892966574892373,smooth_fair_pe_pit_truth_xnys_v5
2013-07-01,SIDEWAYS,21.16824013892705,2.2990770046657256,19.956162392316557,2.0,22.94037702877497,1.1495385023328628,19.956162392316557,smooth_fair_pe_pit_truth_xnys_v5
2013-07-02,SIDEWAYS,21.2122057376632,2.2990770046657256,19.96822108541996,2.0,22.954238960785155,1.1495385023328628,19.96822108541996,smooth_fair_pe_pit_truth_xnys_v5
2013-07-03,SIDEWAYS,21.25516011395264,2.2990770046657256,20.867832998251377,2.0,23.98837749174218,1.1495385023328628,20.867832998251377,smooth_fair_pe_pit_truth_xnys_v5
2013-07-05,SIDEWAYS,21.29712437670492,2.2990770046657256,21.22350379098822,2.0,24.39723476214844,1.1495385023328628,21.22350379098822,smooth_fair_pe_pit_truth_xnys_v5
2013-07-08,SIDEWAYS,21.33811930101503,2.368975146124453,20.62368195627206,2.0,24.42849498799192,1.1844875730622264,20.62368195627206,smooth_fair_pe_pit_truth_xnys_v5
2013-07-09,SIDEWAYS,21.37816532778747,2.368975146124453,20.734712907239288,2.0,24.560009769637887,1.1844875730622264,20.734712907239288,smooth_fair_pe_pit_truth_xnys_v5
2013-07-10,SIDEWAYS,21.41728256374077,2.368975146124453,20.51997449403165,2.0,24.305654787734337,1.1844875730622264,20.51997449403165,smooth_fair_pe_pit_truth_xnys_v5
2013-07-11,SIDEWAYS,21.45549078176863,2.368975146124453,20.29261137342693,2.0,24.03634599680539,1.1844875730622264,20.29261137342693,smooth_fair_pe_pit_truth_xnys_v5
2013-07-12,SIDEWAYS,21.49280942163514,2.368975146124453,20.68032506551149,2.0,24.49558804698563,1.1844875730622264,20.68032506551149,smooth_fair_pe_pit_truth_xnys_v5
2013-07-15,SIDEWAYS,21.529257590982155,2.368975146124453,20.93030816503971,2.0,24.791689921852385,1.1844875730622264,20.93030816503971,smooth_fair_pe_pit_truth_xnys_v5
2013-07-16,SIDEWAYS,21.564854066628207,2.368975146124453,21.17324890195953,2.0,25.07945020572449,1.1844875730622264,21.17324890195953,smooth_fair_pe_pit_truth_xnys_v5
2013-07-17,SIDEWAYS,21.5996172961391,2.368975146124453,21.338313912149637,2.0,25.274967659042066,1.1844875730622264,21.338313912149637,smooth_fair_pe_pit_truth_xnys_v5
2013-07-18,SIDEWAYS,21.63356539965122,2.368975146124453,21.405258976447115,2.0,25.35426325578028,1.1844875730622264,21.405258976447115,smooth_fair_pe_pit_truth_xnys_v5
2013-07-19,SIDEWAYS,21.666716171929604,2.368975146124453,21.72230953743937,2.0,25.729805705308017,1.1844875730622264,21.72230953743937,smooth_fair_pe_pit_truth_xnys_v5
2013-07-22,SIDEWAYS,21.699087084643462,2.368975146124453,22.120636471465875,2.0,26.201619008678385,1.1844875730622264,22.120636471465875,smooth_fair_pe_pit_truth_xnys_v5
2013-07-23,SIDEWAYS,21.73069528884286,2.368975146124453,22.493226264236053,2.0,26.64294698806449,1.1844875730622264,22.493226264236053,smooth_fair_pe_pit_truth_xnys_v5
2013-07-24,SIDEWAYS,21.76155761762092,2.368975146124453,22.43786900462362,2.0,26.57737700197479,1.1844875730622264,22.43786900462362,smooth_fair_pe_pit_truth_xnys_v5
2013-07-25,SIDEWAYS,21.791690588946764,2.368975146124453,22.994691957950646,2.0,27.23692687058645,1.1844875730622264,22.994691957950646,smooth_fair_pe_pit_truth_xnys_v5
2013-07-26,SIDEWAYS,21.82111040865506,2.368975146124453,23.046196704110248,2.0,27.29793360236623,1.1844875730622264,23.046196704110248,smooth_fair_pe_pit_truth_xnys_v5
2013-07-29,SIDEWAYS,21.84983297357876,2.368975146124453,23.264336388739867,2.0,27.556317348001727,1.1844875730622264,23.264336388739867,smooth_fair_pe_pit_truth_xnys_v5
2013-07-30,SIDEWAYS,21.877873874812444,2.368975146124453,23.324818593433072,2.0,27.627957767852237,1.1844875730622264,23.324818593433072,smooth_fair_pe_pit_truth_xnys_v5
2013-07-31,SIDEWAYS,21.905248401094063,2.368975146124453,23.368104110995148,2.0,27.67922892549808,1.1844875730622264,23.368104110995148,smooth_fair_pe_pit_truth_xnys_v5
2013-08-01,SIDEWAYS,21.93197154229381,2.368975146124453,22.99941861147909,2.0,27.242525532953067,1.1844875730622264,22.99941861147909,smooth_fair_pe_pit_truth_xnys_v5
2013-08-02,SIDEWAYS,21.958057992999173,2.368975146124453,23.25291645672288,2.0,27.54279058044239,1.1844875730622264,23.25291645672288,smooth_fair_pe_pit_truth_xnys_v5
2013-08-05,SIDEWAYS,21.983522156186044,2.368975146124453,24.41913582716492,2.0,28.92416293219544,1.1844875730622264,24.41913582716492,smooth_fair_pe_pit_truth_xnys_v5
2013-08-06,SIDEWAYS,22.00837814696615,2.368975146124453,24.129770308676548,2.0,28.581413071473253,1.1844875730622264,24.129770308676548,smooth_fair_pe_pit_truth_xnys_v5
2013-08-07,SIDEWAYS,22.03263979640164,2.368975146124453,24.05408054802282,2.0,28.49175949057086,1.1844875730622264,24.05408054802282,smooth_fair_pe_pit_truth_xnys_v5
2013-08-08,SIDEWAYS,22.05632065537827,2.368975146124453,23.76182752089923,2.0,28.14558941175315,1.1844875730622264,23.76182752089923,smooth_fair_pe_pit_truth_xnys_v5
2013-08-09,SIDEWAYS,22.079433998528977,2.368975146124453,23.47355697614956,2.0,27.80413653381728,1.1844875730622264,23.47355697614956,smooth_fair_pe_pit_truth_xnys_v5
2013-08-12,SIDEWAYS,22.10199282820023,2.368975146124453,24.07134565028206,2.0,28.512209789644576,1.1844875730622264,24.07134565028206,smooth_fair_pe_pit_truth_xnys_v5
2013-08-13,SIDEWAYS,22.12400987845386,2.368975146124453,23.683605930129342,2.0,28.052936909541057,1.1844875730622264,23.683605930129342,smooth_fair_pe_pit_truth_xnys_v5
2013-08-14,SIDEWAYS,22.14549761909764,2.368975146124453,23.4092962369657,2.0,27.728020486818213,1.1844875730622264,23.4092962369657,smooth_fair_pe_pit_truth_xnys_v5
2013-08-15,SIDEWAYS,22.166468259738167,2.368975146124453,22.695687019516388,2.0,26.88275923672684,1.1844875730622264,22.695687019516388,smooth_fair_pe_pit_truth_xnys_v5
2013-08-16,SIDEWAYS,22.18693375385017,2.368975146124453,22.37725591293358,2.0,26.50558154810305,1.1844875730622264,22.37725591293358,smooth_fair_pe_pit_truth_xnys_v5
2013-08-19,SIDEWAYS,22.20690580285642,2.368975146124453,21.70800656266042,2.0,25.712864009424525,1.1844875730622264,21.70800656266042,smooth_fair_pe_pit_truth_xnys_v5
2013-08-20,SIDEWAYS,22.22639586021322,2.368975146124453,22.005540112116485,2.0,26.06528880132433,1.1844875730622264,22.005540112116485,smooth_fair_pe_pit_truth_xnys_v5
2013-08-21,SIDEWAYS,22.245415135496305,2.368975146124453,23.176603873551507,2.0,27.452399274007615,1.1844875730622264,23.176603873551507,smooth_fair_pe_pit_truth_xnys_v5
2013-08-22,SIDEWAYS,22.263974598482783,2.368975146124453,22.986718938052743,2.0,27.227482927597613,1.1844875730622264,22.986718938052743,smooth_fair_pe_pit_truth_xnys_v5
2013-08-23,SIDEWAYS,22.28208498322462,2.368975146124453,22.28271517130478,2.0,26.39359921449565,1.1844875730622264,22.28271517130478,smooth_fair_pe_pit_truth_xnys_v5
2013-08-26,SIDEWAYS,22.29975679210981,2.368975146124453,22.66455728329704,2.0,26.845886451022317,1.1844875730622264,22.66455728329704,smooth_fair_pe_pit_truth_xnys_v5
2013-08-27,SIDEWAYS,22.317000299907424,2.368975146124453,22.36544353272475,2.0,26.49158993053741,1.1844875730622264,22.36544353272475,smooth_fair_pe_pit_truth_xnys_v5
2013-08-28,SIDEWAYS,22.33382555779312,2.368975146124453,22.908977171456225,2.0,27.135398771156133,1.1844875730622264,22.908977171456225,smooth_fair_pe_pit_truth_xnys_v5
2013-08-29,SIDEWAYS,22.350242397351877,2.368975146124453,22.77495652986069,2.0,26.9766529866524,1.1844875730622264,22.77495652986069,smooth_fair_pe_pit_truth_xnys_v5
2013-08-30,SIDEWAYS,22.36626043455505,2.368975146124453,22.508112870030114,2.0,26.660579987632637,1.1844875730622264,22.508112870030114,smooth_fair_pe_pit_truth_xnys_v5
2013-09-03,SIDEWAYS,22.381889073708923,2.368975146124453,22.443291779543078,2.0,26.58380021147839,1.1844875730622264,22.443291779543078,smooth_fair_pe_pit_truth_xnys_v5
2013-09-04,SIDEWAYS,22.397137511372243,2.368975146124453,22.763273311686948,2.0,26.962814359912223,1.1844875730622264,22.763273311686948,smooth_fair_pe_pit_truth_xnys_v5
2013-09-05,SIDEWAYS,22.41201474024052,2.368975146124453,22.66327917462425,2.0,26.84437254718238,1.1844875730622264,22.66327917462425,smooth_fair_pe_pit_truth_xnys_v5
2013-09-06,SIDEWAYS,22.42652955299483,2.368975146124453,22.46106603816993,2.0,26.60485359994229,1.1844875730622264,22.46106603816993,smooth_fair_pe_pit_truth_xnys_v5
2013-09-09,SIDEWAYS,22.440690546113245,2.368975146124453,22.392886810317364,2.0,26.524096151809957,1.1844875730622264,22.392886810317364,smooth_fair_pe_pit_truth_xnys_v5
2013-09-10,SIDEWAYS,22.454506123643124,2.368975146124453,21.90233760189809,2.0,25.943046710461807,1.1844875730622264,21.90233760189809,smooth_fair_pe_pit_truth_xnys_v5
2013-09-11,SIDEWAYS,22.467984500932616,2.368975146124453,22.10566452105003,2.0,26.183884919466315,1.1844875730622264,22.10566452105003,smooth_fair_pe_pit_truth_xnys_v5
2013-09-12,SIDEWAYS,22.48113370831994,2.368975146124453,21.439463888688664,2.0,25.39477854926808,1.1844875730622264,21.439463888688664,smooth_fair_pe_pit_truth_xnys_v5
2013-09-13,SIDEWAYS,22.493961594779208,2.368975146124453,21.341556386132865,2.0,25.278808329181174,1.1844875730622264,21.341556386132865,smooth_fair_pe_pit_truth_xnys_v5
2013-09-16,SIDEWAYS,22.506475831521445,2.368975146124453,21.71572681578817,2.0,25.722008553315234,1.1844875730622264,21.71572681578817,smooth_fair_pe_pit_truth_xnys_v5
2013-09-17,BULL,22.68735420055781,2.368975146124453,22.057268594184205,2.0,26.12656054550692,1.1844875730622264,22.057268594184205,smooth_fair_pe_pit_truth_xnys_v5
2013-09-18,BULL,22.86511012828625,2.368975146124453,22.50555971457106,2.0,26.657555806719287,1.1844875730622264,22.50555971457106,smooth_fair_pe_pit_truth_xnys_v5
2013-09-19,BULL,23.039763000278345,2.368975146124453,22.672481458965084,2.0,26.85527253862788,1.1844875730622264,22.672481458965084,smooth_fair_pe_pit_truth_xnys_v5
2013-09-20,BULL,23.211333926804063,2.368975146124453,23.349852543594206,2.0,27.657610170722755,1.1844875730622264,23.349852543594206,smooth_fair_pe_pit_truth_xnys_v5
2013-09-23,BULL,23.379845634245868,2.368975146124453,23.9055803404443,2.0,28.31586284009694,1.1844875730622264,23.9055803404443,smooth_fair_pe_pit_truth_xnys_v5
2013-09-24,BULL,23.54532235985557,2.368975146124453,24.236530606683136,2.0,28.70786931775848,1.1844875730622264,24.236530606683136,smooth_fair_pe_pit_truth_xnys_v5
2013-09-25,BULL,23.70778974988011,2.368975146124453,24.77158717476792,2.0,29.34163717354022,1.1844875730622264,24.77158717476792,smooth_fair_pe_pit_truth_xnys_v5
2013-09-26,BULL,23.867274761069663,2.368975146124453,25.21088666144529,2.0,29.861981956362182,1.1844875730622264,25.21088666144529,smooth_fair_pe_pit_truth_xnys_v5
2013-09-27,BULL,24.0238055655707,2.368975146124453,25.09369157840297,2.0,29.723165836874568,1.1844875730622264,25.09369157840297,smooth_fair_pe_pit_truth_xnys_v5
2013-09-30,BULL,24.17741145919624,2.368975146124453,24.586206567339893,2.0,29.122056147755004,1.1844875730622264,24.586206567339893,smooth_fair_pe_pit_truth_xnys_v5
2013-10-01,BULL,24.32812277305598,2.368975146124453,24.902303228259765,2.0,29.496468714501056,1.1844875730622264,24.902303228259765,smooth_fair_pe_pit_truth_xnys_v5
2013-10-02,BULL,24.475970788520986,2.368975146124453,25.810689393509787,2.0,30.57244083878136,1.1844875730622264,25.810689393509787,smooth_fair_pe_pit_truth_xnys_v5
2013-10-03,BULL,24.62098765548949,2.368975146124453,26.427870847054336,2.0,31.30348460082936,1.1844875730622264,26.427870847054336,smooth_fair_pe_pit_truth_xnys_v5
2013-10-04,BULL,24.763206313913827,2.4200713808358887,25.508625798625467,2.0,30.866347629852758,1.2100356904179443,25.508625798625467,smooth_fair_pe_pit_truth_xnys_v5
2013-10-07,BULL,24.90266041854228,2.4200713808358887,25.19226859500428,2.0,30.483544122550292,1.2100356904179443,25.19226859500428,smooth_fair_pe_pit_truth_xnys_v5
2013-10-08,BULL,25.039384266824023,2.4200713808358887,25.52343154306237,2.0,30.884263109044618,1.2100356904179443,25.52343154306237,smooth_fair_pe_pit_truth_xnys_v5
2013-10-09,BULL,25.173412729920862,2.4200713808358887,25.597777266893967,2.0,30.9742240883108,1.2100356904179443,25.597777266893967,smooth_fair_pe_pit_truth_xnys_v5
2013-10-10,BULL,25.30478118676497,2.4200713808358887,24.847664284366054,2.0,30.06656060760618,1.2100356904179443,24.847664284366054,smooth_fair_pe_pit_truth_xnys_v5
2013-10-11,BULL,25.433525461098213,2.4200713808358887,25.17079326115377,2.0,30.45755820212754,1.2100356904179443,25.17079326115377,smooth_fair_pe_pit_truth_xnys_v5
2013-10-14,BULL,25.559681761425843,2.4200713808358887,24.48135286166221,2.0,29.62331071232675,1.2100356904179443,24.48135286166221,smooth_fair_pe_pit_truth_xnys_v5
2013-10-15,BULL,25.68328662381433,2.4200713808358887,24.24735757108217,2.0,29.340168059335177,1.2100356904179443,24.24735757108217,smooth_fair_pe_pit_truth_xnys_v5
2013-10-16,BULL,25.804376857461143,2.4200713808358887,25.04798906132547,2.0,30.30896073740208,1.2100356904179443,25.04798906132547,smooth_fair_pe_pit_truth_xnys_v5
2013-10-17,BULL,25.922989492962486,2.4200713808358887,26.04986227456289,2.0,31.521263082693068,1.2100356904179443,26.04986227456289,smooth_fair_pe_pit_truth_xnys_v5
2013-10-18,BULL,26.03916173320368,2.4200713808358887,25.59275119219388,2.0,30.96814235854099,1.2100356904179443,25.59275119219388,smooth_fair_pe_pit_truth_xnys_v5
2013-10-21,BULL,26.15293090679581,2.4200713808358887,25.57914305156732,2.0,30.951676022702628,1.2100356904179443,25.57914305156732,smooth_fair_pe_pit_truth_xnys_v5
2013-10-22,BULL,26.26433442398156,2.4200713808358887,25.74205889120003,2.0,31.14881000319261,1.2100356904179443,25.74205889120003,smooth_fair_pe_pit_truth_xnys_v5
2013-10-23,BULL,26.37340973493288,2.4200713808358887,26.72335220377669,2.0,32.336209934178825,1.2100356904179443,26.72335220377669,smooth_fair_pe_pit_truth_xnys_v5
2013-10-24,SIDEWAYS,26.283325943417868,2.4200713808358887,26.375979125745747,2.0,31.915876111871043,1.2100356904179443,26.375979125745747,smooth_fair_pe_pit_truth_xnys_v5
2013-10-25,SIDEWAYS,26.19579051222017,2.4200713808358887,26.05794339491453,2.0,31.53104152673712,1.2100356904179443,26.05794339491453,smooth_fair_pe_pit_truth_xnys_v5
2013-10-28,SIDEWAYS,26.110724166027328,2.4200713808358887,26.71602740063562,2.0,32.32734666095284,1.2100356904179443,26.71602740063562,smooth_fair_pe_pit_truth_xnys_v5
2013-10-29,SIDEWAYS,26.028050451477,2.4200713808358887,26.41603223612027,2.0,31.964341804936463,1.2100356904179443,26.41603223612027,smooth_fair_pe_pit_truth_xnys_v5
2013-10-30,SIDEWAYS,25.947695619617768,2.4200713808358887,26.65537838738493,2.0,32.253959190330875,1.2100356904179443,26.65537838738493,smooth_fair_pe_pit_truth_xnys_v5
2013-10-31,SIDEWAYS,25.869588514060126,2.4200713808358887,25.836111125622168,2.0,31.262616563606954,1.2100356904179443,25.836111125622168,smooth_fair_pe_pit_truth_xnys_v5
2013-11-01,SIDEWAYS,25.793660464505034,2.4200713808358887,25.683000871281017,2.0,31.07734769128519,1.2100356904179443,25.683000871281017,smooth_fair_pe_pit_truth_xnys_v5
2013-11-04,SIDEWAYS,25.719845185356693,2.4200713808358887,24.86220271578312,2.0,30.084152628503517,1.2100356904179443,24.86220271578312,smooth_fair_pe_pit_truth_xnys_v5
2013-11-05,SIDEWAYS,25.648078679143595,2.4200713808358887,24.37581650349989,2.0,29.495607952313613,1.2100356904179443,24.37581650349989,smooth_fair_pe_pit_truth_xnys_v5
2013-11-06,SIDEWAYS,25.57829914448884,2.4200713808358887,24.754948442043272,2.0,29.954371129328447,1.2100356904179443,24.754948442043272,smooth_fair_pe_pit_truth_xnys_v5
2013-11-07,SIDEWAYS,25.51044688838599,2.4200713808358887,24.71558436585713,2.0,29.90673919222288,1.2100356904179443,24.71558436585713,smooth_fair_pe_pit_truth_xnys_v5
2013-11-08,SIDEWAYS,25.44446424255134,2.4200713808358887,24.55706235180073,2.0,29.71492189749771,1.2100356904179443,24.55706235180073,smooth_fair_pe_pit_truth_xnys_v5
2013-11-11,SIDEWAYS,25.380295483636957,2.4200713808358887,24.218742460781638,2.0,29.305542754586288,1.2100356904179443,24.218742460781638,smooth_fair_pe_pit_truth_xnys_v5
2013-11-12,SIDEWAYS,25.31788675710156,2.4200713808358887,24.131156613494944,2.0,29.1995607533939,1.2100356904179443,24.131156613494944,smooth_fair_pe_pit_truth_xnys_v5
2013-11-13,SIDEWAYS,25.257186004548156,2.4200713808358887,24.273952563130944,2.0,29.37234894890058,1.2100356904179443,24.273952563130944,smooth_fair_pe_pit_truth_xnys_v5
2013-11-14,SIDEWAYS,25.198142894348425,2.4200713808358887,24.708278626318528,2.0,29.89789898663628,1.2100356904179443,24.708278626318528,smooth_fair_pe_pit_truth_xnys_v5
2013-11-15,SIDEWAYS,25.140708755384253,2.4200713808358887,23.54189803410189,2.0,28.48653684144333,1.2100356904179443,23.54189803410189,smooth_fair_pe_pit_truth_xnys_v5
2013-11-18,SIDEWAYS,25.084836513746637,2.4200713808358887,23.23192878172361,2.0,28.111462983133443,1.2100356904179443,23.23192878172361,smooth_fair_pe_pit_truth_xnys_v5
2013-11-19,SIDEWAYS,25.03048063224117,2.4200713808358887,23.355353514496255,2.0,28.260811314868644,1.2100356904179443,23.355353514496255,smooth_fair_pe_pit_truth_xnys_v5
2013-11-20,SIDEWAYS,24.97759705255793,2.4200713808358887,23.36146281850707,2.0,28.26820379076534,1.2100356904179443,23.36146281850707,smooth_fair_pe_pit_truth_xnys_v5
2013-11-21,SIDEWAYS,24.926143139971717,2.4200713808358887,23.577666129202097,2.0,28.52981751309284,1.2100356904179443,23.577666129202097,smooth_fair_pe_pit_truth_xnys_v5
2013-11-22,SIDEWAYS,24.87607763044591,2.4200713808358887,23.722930225762585,2.0,28.705592254467344,1.2100356904179443,23.722930225762585,smooth_fair_pe_pit_truth_xnys_v5
2013-11-25,SIDEWAYS,24.827360580020567,2.4200713808358887,23.61405390984368,2.0,28.573848026364256,1.2100356904179443,23.61405390984368,smooth_fair_pe_pit_truth_xnys_v5
2013-11-26,SIDEWAYS,24.77995331637169,2.4200713808358887,23.4167981680037,2.0,28.33516153859801,1.2100356904179443,23.4167981680037,smooth_fair_pe_pit_truth_xnys_v5
2013-11-27,SIDEWAYS,24.7338183924351,2.4200713808358887,23.349275841998526,2.0,28.253457114231715,1.2100356904179443,23.349275841998526,smooth_fair_pe_pit_truth_xnys_v5
2013-11-29,SIDEWAYS,24.68891954199407,2.4200713808358887,23.87621395751265,2.0,28.891071040645382,1.2100356904179443,23.87621395751265,smooth_fair_pe_pit_truth_xnys_v5
2013-12-02,SIDEWAYS,24.645221637135425,2.4200713808358887,23.569261614914755,2.0,28.51964775084453,1.2100356904179443,23.569261614914755,smooth_fair_pe_pit_truth_xnys_v5
2013-12-03,SIDEWAYS,24.6026906474839,2.4200713808358887,23.56503454524624,2.0,28.514532845679746,1.2100356904179443,23.56503454524624,smooth_fair_pe_pit_truth_xnys_v5
2013-12-04,SIDEWAYS,24.561293601129616,2.4200713808358887,23.66425432979861,2.0,28.63459232618369,1.2100356904179443,23.66425432979861,smooth_fair_pe_pit_truth_xnys_v5
2013-12-05,SIDEWAYS,24.520998547167856,2.4200713808358887,24.352692014625475,2.0,29.467626495452897,1.2100356904179443,24.352692014625475,smooth_fair_pe_pit_truth_xnys_v5
2013-12-06,SIDEWAYS,24.481774519774792,2.4200713808358887,24.19265816370471,2.0,29.273979824163742,1.2100356904179443,24.19265816370471,smooth_fair_pe_pit_truth_xnys_v5
2013-12-09,SIDEWAYS,24.443591503746934,2.4200713808358887,24.592945693093085,2.0,29.758342021152902,1.2100356904179443,24.592945693093085,smooth_fair_pe_pit_truth_xnys_v5
2013-12-10,SIDEWAYS,24.406420401435614,2.4200713808358887,25.09699029002814,2.0,30.368253973006645,1.2100356904179443,25.09699029002814,smooth_fair_pe_pit_truth_xnys_v5
2013-12-11,SIDEWAYS,24.3702330010118,2.4200713808358887,24.98916800093884,2.0,30.237785154986028,1.2100356904179443,24.98916800093884,smooth_fair_pe_pit_truth_xnys_v5
2013-12-12,BEAR,24.151794927474224,2.4200713808358887,24.634329565974348,2.0,29.80841798434695,1.2100356904179443,24.634329565974348,smooth_fair_pe_pit_truth_xnys_v5
2013-12-13,BEAR,23.94070306566128,2.4200713808358887,24.246019125381142,2.0,29.33854849226725,1.2100356904179443,24.246019125381142,smooth_fair_pe_pit_truth_xnys_v5
2013-12-16,BEAR,23.73666500766774,2.4200713808358887,23.9107492449774,2.0,28.93285997105657,1.2100356904179443,23.9107492449774,smooth_fair_pe_pit_truth_xnys_v5
2013-12-17,BEAR,23.53940229679867,2.4200713808358887,24.06890630295255,2.0,29.124235655898,1.2100356904179443,24.06890630295255,smooth_fair_pe_pit_truth_xnys_v5
2013-12-18,BEAR,23.348649644858465,2.4200713808358887,23.94136525948917,2.0,28.96990644131417,1.2100356904179443,23.94136525948917,smooth_fair_pe_pit_truth_xnys_v5
2013-12-19,BEAR,23.16415419956644,2.4200713808358887,23.8171445821924,2.0,28.819594988297187,1.2100356904179443,23.8171445821924,smooth_fair_pe_pit_truth_xnys_v5
2013-12-20,BEAR,22.985674858520586,2.4200713808358887,23.121174938541216,2.0,27.977446880031792,1.2100356904179443,23.121174938541216,smooth_fair_pe_pit_truth_xnys_v5
2013-12-23,BEAR,22.81298162641152,2.4200713808358887,22.543345752062766,2.0,27.278252941427706,1.2100356904179443,22.543345752062766,smooth_fair_pe_pit_truth_xnys_v5
2013-12-24,BEAR,22.645855012444844,2.4200713808358887,23.275061261747663,2.0,28.163654823378785,1.2100356904179443,23.275061261747663,smooth_fair_pe_pit_truth_xnys_v5
2013-12-26,BEAR,22.484085465165208,2.4200713808358887,22.997101072246732,2.0,27.82731307356733,1.2100356904179443,22.997101072246732,smooth_fair_pe_pit_truth_xnys_v5
2013-12-27,BEAR,22.32747284209028,2.4200713808358887,22.490180379951923,2.0,27.21392094367923,1.2100356904179443,22.490180379951923,smooth_fair_pe_pit_truth_xnys_v5
2013-12-30,BEAR,22.17582591176027,2.4200713808358887,22.91032778354427,2.0,27.7223142972624,1.2100356904179443,22.91032778354427,smooth_fair_pe_pit_truth_xnys_v5
2013-12-31,BEAR,22.028961885989368,2.4200713808358887,22.829658912267,2.0,27.62470208391117,1.2100356904179443,22.829658912267,smooth_fair_pe_pit_truth_xnys_v5
2014-01-02,BEAR,21.88670598027169,2.4200713808358887,23.690134828795266,2.0,28.665908653655467,1.2100356904179443,23.690134828795266,smooth_fair_pe_pit_truth_xnys_v5
2014-01-03,BEAR,21.74889100044681,2.4200713808358887,23.42067508563679,2.0,28.339852747302864,1.2100356904179443,23.42067508563679,smooth_fair_pe_pit_truth_xnys_v5
2014-01-06,BEAR,21.61535695387018,2.506805424270487,22.290966564216635,2.0,27.93955794770516,1.2534027121352436,22.290966564216635,smooth_fair_pe_pit_truth_xnys_v5
2014-01-07,BEAR,21.48595068346262,2.506805424270487,22.04922687756889,2.0,27.63656076883016,1.2534027121352436,22.04922687756889,smooth_fair_pe_pit_truth_xnys_v5
2014-01-08,BEAR,21.360525523131734,2.506805424270487,21.348487786706748,2.0,26.758252491844363,1.2534027121352436,21.348487786706748,smooth_fair_pe_pit_truth_xnys_v5
2014-01-09,BEAR,21.23894097316729,2.506805424270487,21.19411936759888,2.0,26.564766696666528,1.2534027121352436,21.19411936759888,smooth_fair_pe_pit_truth_xnys_v5
2014-01-10,BEAR,21.1210623943132,2.506805424270487,21.1917833835293,2.0,26.561838767898216,1.2534027121352436,21.1917833835293,smooth_fair_pe_pit_truth_xnys_v5
2014-01-13,BEAR,21.00676071931163,2.506805424270487,21.786594880214366,2.0,27.3073771110525,1.2534027121352436,21.786594880214366,smooth_fair_pe_pit_truth_xnys_v5
2014-01-14,BEAR,20.895912180799943,2.506805424270487,21.657786492801804,2.0,27.145928328923823,1.2534027121352436,21.657786492801804,smooth_fair_pe_pit_truth_xnys_v5
2014-01-15,BEAR,20.78839805452057,2.506805424270487,20.615488486473904,2.0,25.83950918093928,1.2534027121352436,20.615488486473904,smooth_fair_pe_pit_truth_xnys_v5
2014-01-16,BEAR,20.684104416876377,2.506805424270487,20.48765529975172,2.0,25.679282718000803,1.2534027121352436,20.48765529975172,smooth_fair_pe_pit_truth_xnys_v5
2014-01-17,BEAR,20.582921915931543,2.506805424270487,21.430226385835223,2.0,26.86070387367813,1.2534027121352436,21.430226385835223,smooth_fair_pe_pit_truth_xnys_v5
2014-01-21,BEAR,20.484745555020336,2.506805424270487,21.610845956484667,2.0,27.08709293339484,1.2534027121352436,21.610845956484667,smooth_fair_pe_pit_truth_xnys_v5
2014-01-22,BEAR,20.38947448818336,2.506805424270487,21.130695514591785,2.0,26.48527106729337,1.2534027121352436,21.130695514591785,smooth_fair_pe_pit_truth_xnys_v5
2014-01-23,BEAR,20.29701182670444,2.506805424270487,21.214375711976043,2.0,26.59015605364681,1.2534027121352436,21.214375711976043,smooth_fair_pe_pit_truth_xnys_v5
2014-01-24,BEAR,20.20726445607034,2.506805424270487,20.785153939735945,2.0,26.05216832021358,1.2534027121352436,20.785153939735945,smooth_fair_pe_pit_truth_xnys_v5
2014-01-27,BEAR,20.120142862721288,2.506805424270487,20.16317486725952,2.0,25.272578063880264,1.2534027121352436,20.16317486725952,smooth_fair_pe_pit_truth_xnys_v5
2014-01-28,BEAR,20.0355609700024,2.506805424270487,19.950343776757745,2.0,25.00581499781864,1.2534027121352436,19.950343776757745,smooth_fair_pe_pit_truth_xnys_v5
2014-01-29,BEAR,19.9534359827656,2.506805424270487,19.906418314941867,2.0,24.95075870484682,1.2534027121352436,19.906418314941867,smooth_fair_pe_pit_truth_xnys_v5
2014-01-30,BEAR,19.87368824010769,2.506805424270487,19.17256321317227,2.0,24.030942729974523,1.2534027121352436,19.17256321317227,smooth_fair_pe_pit_truth_xnys_v5
2014-01-31,BEAR,19.796241075764097,2.506805424270487,18.74722594104652,2.0,23.497823839519896,1.2534027121352436,18.74722594104652,smooth_fair_pe_pit_truth_xnys_v5
2014-02-03,BEAR,19.72102068570937,2.506805424270487,18.740587765225207,2.0,23.48950353194184,1.2534027121352436,18.740587765225207,smooth_fair_pe_pit_truth_xnys_v5
2014-02-04,BEAR,19.64795600254412,2.506805424270487,18.59127411915484,2.0,23.30235340299844,1.2534027121352436,18.59127411915484,smooth_fair_pe_pit_truth_xnys_v5
2014-02-05,BEAR,19.57697857627568,2.506805424270487,18.71820911338221,2.0,23.461454069027894,1.2534027121352436,18.71820911338221,smooth_fair_pe_pit_truth_xnys_v5
2014-02-06,BEAR,19.508022461124625,2.506805424270487,18.298071946219757,2.0,22.93485300423765,1.2534027121352436,18.298071946219757,smooth_fair_pe_pit_truth_xnys_v5
2014-02-07,BEAR,19.44102410801259,2.506805424270487,18.5422375043354,2.0,23.240890776989826,1.2534027121352436,18.5422375043354,smooth_fair_pe_pit_truth_xnys_v5
2014-02-10,BEAR,19.37592226240905,2.506805424270487,18.14199334559477,2.0,22.739223662908024,1.2534027121352436,18.14199334559477,smooth_fair_pe_pit_truth_xnys_v5
2014-02-11,BEAR,19.312657867234407,2.506805424270487,18.699115214821123,2.0,23.437521724786198,1.2534027121352436,18.699115214821123,smooth_fair_pe_pit_truth_xnys_v5
2014-02-12,BEAR,19.251173970536044,2.506805424270487,18.10776669743968,2.0,22.69632388928313,1.2534027121352436,18.10776669743968,smooth_fair_pe_pit_truth_xnys_v5
2014-02-13,BEAR,19.191415637671533,2.506805424270487,17.765171213190403,2.0,22.266913780159808,1.2534027121352436,17.765171213190403,smooth_fair_pe_pit_truth_xnys_v5
2014-02-14,BEAR,19.133329867749364,2.506805424270487,17.92783782972722,2.0,22.470800558500915,1.2534027121352436,17.92783782972722,smooth_fair_pe_pit_truth_xnys_v5
2014-02-18,BEAR,19.07686551409314,2.506805424270487,18.49055489820876,2.0,23.176111658300467,1.2534027121352436,18.49055489820876,smooth_fair_pe_pit_truth_xnys_v5
2014-02-19,BEAR,19.021973208509312,2.506805424270487,18.576962421848165,2.0,23.28441508277899,1.2534027121352436,18.576962421848165,smooth_fair_pe_pit_truth_xnys_v5
2014-02-20,BEAR,18.968605289151814,2.506805424270487,18.74007902227592,2.0,23.488865872149415,1.2534027121352436,18.74007902227592,smooth_fair_pe_pit_truth_xnys_v5
2014-02-21,BEAR,18.91671573178964,2.506805424270487,18.70831553181851,2.0,23.449053427063223,1.2534027121352436,18.70831553181851,smooth_fair_pe_pit_truth_xnys_v5
2014-02-24,BEAR,18.86626008429464,2.506805424270487,18.329041874506306,2.0,22.97367079634665,1.2534027121352436,18.329041874506306,smooth_fair_pe_pit_truth_xnys_v5
2014-02-25,BEAR,18.81719540417811,2.506805424270487,18.15223249559759,2.0,22.752057441291523,1.2534027121352436,18.15223249559759,smooth_fair_pe_pit_truth_xnys_v5
2014-02-26,BEAR,18.76948019901453,2.506805424270487,17.753787785017153,2.0,22.252645760414055,1.2534027121352436,17.753787785017153,smooth_fair_pe_pit_truth_xnys_v5
2014-02-27,BEAR,18.72307436960062,2.506805424270487,17.36479074617929,2.0,21.7650758169221,1.2534027121352436,17.36479074617929,smooth_fair_pe_pit_truth_xnys_v5
2014-02-28,BEAR,18.677939155706497,2.506805424270487,17.527678426292614,2.0,21.96923967694956,1.2534027121352436,17.527678426292614,smooth_fair_pe_pit_truth_xnys_v5
2014-03-03,BEAR,18.634037084284284,2.506805424270487,17.20198043949273,2.0,21.561008936957595,1.2534027121352436,17.20198043949273,smooth_fair_pe_pit_truth_xnys_v5
2014-03-04,BEAR,18.591331920007168,2.506805424270487,17.344578838199524,2.0,21.73974215664284,1.2534027121352436,17.344578838199524,smooth_fair_pe_pit_truth_xnys_v5
2014-03-05,BEAR,18.549788618019186,2.506805424270487,16.97556680454926,2.0,21.277221472855054,1.2534027121352436,16.97556680454926,smooth_fair_pe_pit_truth_xnys_v5
2014-03-06,BEAR,18.509373278782988,2.506805424270487,17.120042126544252,2.0,21.458307233280188,1.2534027121352436,17.120042126544252,smooth_fair_pe_pit_truth_xnys_v5
2014-03-07,BEAR,18.470053104919188,2.506805424270487,17.013524612672406,2.0,21.324797892503312,1.2534027121352436,17.013524612672406,smooth_fair_pe_pit_truth_xnys_v5
2014-03-10,SIDEWAYS,18.571613481906784,2.506805424270487,17.632429398786876,2.0,22.100534829972677,1.2534027121352436,17.632429398786876,smooth_fair_pe_pit_truth_xnys_v5
2014-03-11,SIDEWAYS,18.67117250276465,2.506805424270487,17.88615399048934,2.0,22.41855392134795,1.2534027121352436,17.88615399048934,smooth_fair_pe_pit_truth_xnys_v5
2014-03-12,SIDEWAYS,18.76875639523892,2.506805424270487,18.43149809036838,2.0,23.102089695183288,1.2534027121352436,18.43149809036838,smooth_fair_pe_pit_truth_xnys_v5
2014-03-13,SIDEWAYS,18.864391719820908,2.506805424270487,18.29503809714173,2.0,22.93105036957505,1.2534027121352436,18.29503809714173,smooth_fair_pe_pit_truth_xnys_v5
2014-03-14,SIDEWAYS,18.958105325069127,2.506805424270487,18.43838600285109,2.0,23.110723023370063,1.2534027121352436,18.43838600285109,smooth_fair_pe_pit_truth_xnys_v5
2014-03-17,SIDEWAYS,19.049924305044577,2.506805424270487,18.233754100610987,2.0,22.85423684211293,1.2534027121352436,18.233754100610987,smooth_fair_pe_pit_truth_xnys_v5
2014-03-18,SIDEWAYS,19.13987595880587,2.506805424270487,18.231806851927363,2.0,22.851796155331677,1.2534027121352436,18.231806851927363,smooth_fair_pe_pit_truth_xnys_v5
2014-03-19,SIDEWAYS,19.227987751909424,2.506805424270487,18.28277211900927,2.0,22.91567615931683,1.2534027121352436,18.28277211900927,smooth_fair_pe_pit_truth_xnys_v5
2014-03-20,SIDEWAYS,19.31428727985882,2.506805424270487,18.181351018343943,2.0,22.78855467667517,1.2534027121352436,18.181351018343943,smooth_fair_pe_pit_truth_xnys_v5
2014-03-21,SIDEWAYS,19.39880223344669,2.506805424270487,17.93063132876583,2.0,22.474301937772257,1.2534027121352436,17.93063132876583,smooth_fair_pe_pit_truth_xnys_v5
2014-03-24,SIDEWAYS,19.48156036593206,2.506805424270487,17.637834949949887,2.0,22.107310162460976,1.2534027121352436,17.637834949949887,smooth_fair_pe_pit_truth_xnys_v5
2014-03-25,SIDEWAYS,19.56258946199564,2.506805424270487,17.082367864224274,2.0,21.411086210710632,1.2534027121352436,17.082367864224274,smooth_fair_pe_pit_truth_xnys_v5
2014-03-26,SIDEWAYS,19.64191730841555,2.506805424270487,16.966041530421606,2.0,21.265282468429614,1.2534027121352436,16.966041530421606,smooth_fair_pe_pit_truth_xnys_v5
2014-03-27,SIDEWAYS,19.71957166640618,2.506805424270487,17.378633895634287,2.0,21.78242685799349,1.2534027121352436,17.378633895634287,smooth_fair_pe_pit_truth_xnys_v5
2014-03-28,SIDEWAYS,19.79558024556268,2.506805424270487,17.079822782659633,2.0,21.407896198574907,1.2534027121352436,17.079822782659633,smooth_fair_pe_pit_truth_xnys_v5
2014-03-31,SIDEWAYS,19.86997067935464,2.506805424270487,16.875724045613914,2.0,21.152078288018423,1.2534027121352436,16.875724045613914,smooth_fair_pe_pit_truth_xnys_v5
2014-04-01,SIDEWAYS,19.94277050211243,2.506805424270487,17.664720151738678,2.0,22.14100814729935,1.2534027121352436,17.664720151738678,smooth_fair_pe_pit_truth_xnys_v5
2014-04-02,SIDEWAYS,20.01400712745093,2.506805424270487,17.653887839047368,2.0,22.127430897193364,1.2534027121352436,17.653887839047368,smooth_fair_pe_pit_truth_xnys_v5
2014-04-03,SIDEWAYS,20.08370782807548,2.506805424270487,18.532468612014192,2.0,23.22864642085986,1.2534027121352436,18.532468612014192,smooth_fair_pe_pit_truth_xnys_v5
2014-04-04,SIDEWAYS,20.15189971691637,2.506805424270487,18.93866749330108,2.0,23.737777200331152,1.2534027121352436,18.93866749330108,smooth_fair_pe_pit_truth_xnys_v5
2014-04-07,SIDEWAYS,20.21860972953883,2.5877621532894874,18.732958387330093,2.0,24.23822036693984,1.2938810766447435,18.732958387330093,smooth_fair_pe_pit_truth_xnys_v5
2014-04-08,SIDEWAYS,20.28386460777639,2.5877621532894874,18.3693626977846,2.0,23.76777078468733,1.2938810766447435,18.3693626977846,smooth_fair_pe_pit_truth_xnys_v5
2014-04-09,SIDEWAYS,20.347690884536885,2.5877621532894874,18.460168099375764,2.0,23.885262175463264,1.2938810766447435,18.460168099375764,smooth_fair_pe_pit_truth_xnys_v5
2014-04-10,SIDEWAYS,20.41011486973122,2.5877621532894874,18.090583239020265,2.0,23.40706331843489,1.2938810766447435,18.090583239020265,smooth_fair_pe_pit_truth_xnys_v5
2014-04-11,SIDEWAYS,20.47116263727641,2.5877621532894874,19.0992715482482,2.0,24.712186033977694,1.2938810766447435,19.0992715482482,smooth_fair_pe_pit_truth_xnys_v5
2014-04-14,SIDEWAYS,20.53086001312539,2.5877621532894874,18.69051893077173,2.0,24.183308757195896,1.2938810766447435,18.69051893077173,smooth_fair_pe_pit_truth_xnys_v5
2014-04-15,SIDEWAYS,20.589232564277538,2.5877621532894874,18.49738098617127,2.0,23.93341122549529,1.2938810766447435,18.49738098617127,smooth_fair_pe_pit_truth_xnys_v5
2014-04-16,SIDEWAYS,20.64630558872508,2.5877621532894874,18.321859097470075,2.0,23.70630677516787,1.2938810766447435,18.321859097470075,smooth_fair_pe_pit_truth_xnys_v5
2014-04-17,SIDEWAYS,20.702104106291703,2.5877621532894874,18.011679056159434,2.0,23.30497068936315,1.2938810766447435,18.011679056159434,smooth_fair_pe_pit_truth_xnys_v5
2014-04-21,SIDEWAYS,20.75665285032113,2.5877621532894874,18.659426181360608,2.0,24.14307843711198,1.2938810766447435,18.659426181360608,smooth_fair_pe_pit_truth_xnys_v5
2014-04-22,SIDEWAYS,20.809976260174643,2.5877621532894874,19.666410174674255,2.0,25.445995970544672,1.2938810766447435,19.666410174674255,smooth_fair_pe_pit_truth_xnys_v5
2014-04-23,SIDEWAYS,20.862098474497863,2.5877621532894874,19.613956813209857,2.0,25.378127558739475,1.2938810766447435,19.613956813209857,smooth_fair_pe_pit_truth_xnys_v5
2014-04-24,SIDEWAYS,20.913043325218418,2.5877621532894874,19.27124987812387,2.0,24.9347055405968,1.2938810766447435,19.27124987812387,smooth_fair_pe_pit_truth_xnys_v5
2014-04-25,SIDEWAYS,20.962834332237232,2.5877621532894874,18.64602961648683,2.0,24.12574487532976,1.2938810766447435,18.64602961648683,smooth_fair_pe_pit_truth_xnys_v5
2014-04-28,SIDEWAYS,21.011494698777845,2.5877621532894874,18.73858798469885,2.0,24.245504396444407,1.2938810766447435,18.73858798469885,smooth_fair_pe_pit_truth_xnys_v5
2014-04-29,SIDEWAYS,21.05904730735894,2.5877621532894874,18.803067970024838,2.0,24.32893382928003,1.2938810766447435,18.803067970024838,smooth_fair_pe_pit_truth_xnys_v5
2014-04-30,SIDEWAYS,21.105514716356915,2.5877621532894874,18.75198152483519,2.0,24.2628340445761,1.2938810766447435,18.75198152483519,smooth_fair_pe_pit_truth_xnys_v5
2014-05-01,SIDEWAYS,21.15091915712629,2.5877621532894874,19.00167770046868,2.0,24.585911201138835,1.2938810766447435,19.00167770046868,smooth_fair_pe_pit_truth_xnys_v5
2014-05-02,SIDEWAYS,21.195282531647223,2.5877621532894874,19.3011567330005,2.0,24.97340145418363,1.2938810766447435,19.3011567330005,smooth_fair_pe_pit_truth_xnys_v5
2014-05-05,SIDEWAYS,21.23862641067019,2.5877621532894874,19.563004028803743,2.0,25.312200715194045,1.2938810766447435,19.563004028803743,smooth_fair_pe_pit_truth_xnys_v5
2014-05-06,SIDEWAYS,21.28097203232954,2.5877621532894874,19.587129259358115,2.0,25.34341589447804,1.2938810766447435,19.587129259358115,smooth_fair_pe_pit_truth_xnys_v5
2014-05-07,SIDEWAYS,21.322340301198405,2.5877621532894874,19.335870551900825,2.0,25.018317007556835,1.2938810766447435,19.335870551900825,smooth_fair_pe_pit_truth_xnys_v5
2014-05-08,SIDEWAYS,21.362751787758665,2.5877621532894874,19.721472576858343,2.0,25.517240170765263,1.2938810766447435,19.721472576858343,smooth_fair_pe_pit_truth_xnys_v5
2014-05-09,SIDEWAYS,21.40222672826087,2.5877621532894874,19.857382487439715,2.0,25.693091432194976,1.2938810766447435,19.857382487439715,smooth_fair_pe_pit_truth_xnys_v5
2014-05-12,SIDEWAYS,21.44078502494989,2.5877621532894874,20.304883332804803,2.0,26.27210430779539,1.2938810766447435,20.304883332804803,smooth_fair_pe_pit_truth_xnys_v5
2014-05-13,SIDEWAYS,21.478446246633183,2.5877621532894874,20.699380432322595,2.0,26.7825366396527,1.2938810766447435,20.699380432322595,smooth_fair_pe_pit_truth_xnys_v5
2014-05-14,SIDEWAYS,21.515229629569767,2.5877621532894874,20.255774809123416,2.0,26.208563718302084,1.2938810766447435,20.255774809123416,smooth_fair_pe_pit_truth_xnys_v5
2014-05-15,SIDEWAYS,21.55115407865844,2.5877621532894874,19.844195078110577,2.0,25.67602849281404,1.2938810766447435,19.844195078110577,smooth_fair_pe_pit_truth_xnys_v5
2014-05-16,SIDEWAYS,21.586238168905396,2.5877621532894874,19.705336430135503,2.0,25.49636191587061,1.2938810766447435,19.705336430135503,smooth_fair_pe_pit_truth_xnys_v5
2014-05-19,SIDEWAYS,21.620500147151688,2.5877621532894874,19.47112604337537,2.0,25.193321528488035,1.2938810766447435,19.47112604337537,smooth_fair_pe_pit_truth_xnys_v5
2014-05-20,SIDEWAYS,21.653957934042467,2.5877621532894874,19.89276402576426,2.0,25.73887093509569,1.2938810766447435,19.89276402576426,smooth_fair_pe_pit_truth_xnys_v5
2014-05-21,SIDEWAYS,21.686629126220097,2.5877621532894874,20.151469308617184,2.0,26.07360480500711,1.2938810766447435,20.151469308617184,smooth_fair_pe_pit_truth_xnys_v5
2014-05-22,SIDEWAYS,21.7185309987248,2.5877621532894874,20.675255440022795,2.0,26.751321768641787,1.2938810766447435,20.675255440022795,smooth_fair_pe_pit_truth_xnys_v5
2014-05-23,SIDEWAYS,21.74968050758672,2.5877621532894874,20.914888280547306,2.0,27.061378166339075,1.2938810766447435,20.914888280547306,smooth_fair_pe_pit_truth_xnys_v5
2014-05-27,SIDEWAYS,21.780094292594423,2.5877621532894874,21.07236787277885,2.0,27.265138030685208,1.2938810766447435,21.07236787277885,smooth_fair_pe_pit_truth_xnys_v5
2014-05-28,SIDEWAYS,21.809788680225267,2.5877621532894874,21.60451268913691,2.0,27.95367013860549,1.2938810766447435,21.60451268913691,smooth_fair_pe_pit_truth_xnys_v5
2014-05-29,SIDEWAYS,21.838779686724276,2.5877621532894874,21.82929968258785,2.0,28.24451777570753,1.2938810766447435,21.82929968258785,smooth_fair_pe_pit_truth_xnys_v5
2014-05-30,SIDEWAYS,21.86708302131826,2.5877621532894874,21.88497069301272,2.0,28.316549442613965,1.2938810766447435,21.88497069301272,smooth_fair_pe_pit_truth_xnys_v5
2014-06-02,SIDEWAYS,21.89471408955305,2.5877621532894874,22.503301219050247,2.0,29.116595609365707,1.2938810766447435,22.503301219050247,smooth_fair_pe_pit_truth_xnys_v5
2014-06-03,SIDEWAYS,21.9216879967422,2.5877621532894874,22.540675855968367,2.0,29.16495394482053,1.2938810766447435,22.540675855968367,smooth_fair_pe_pit_truth_xnys_v5
2014-06-04,SIDEWAYS,21.94801955151591,2.5877621532894874,22.40699314594537,2.0,28.991984416047192,1.2938810766447435,22.40699314594537,smooth_fair_pe_pit_truth_xnys_v5
2014-06-05,SIDEWAYS,21.97372326946005,2.5877621532894874,22.07003809785389,2.0,28.556004655641708,1.2938810766447435,22.07003809785389,smooth_fair_pe_pit_truth_xnys_v5
2014-06-06,SIDEWAYS,21.99881337683505,2.5877621532894874,22.37074683172793,2.0,28.94508599598313,1.2938810766447435,22.37074683172793,smooth_fair_pe_pit_truth_xnys_v5
2014-06-09,SIDEWAYS,22.023303814365512,2.5877621532894874,22.876902426662756,2.0,29.599991142107157,1.2938810766447435,22.876902426662756,smooth_fair_pe_pit_truth_xnys_v5
2014-06-10,SIDEWAYS,22.04720824109172,2.5877621532894874,22.828743690287663,2.0,29.537679464436305,1.2938810766447435,22.828743690287663,smooth_fair_pe_pit_truth_xnys_v5
2014-06-11,SIDEWAYS,22.070540038274547,2.5877621532894874,23.348448823619524,2.0,30.21011610188953,1.2938810766447435,23.348448823619524,smooth_fair_pe_pit_truth_xnys_v5
2014-06-12,SIDEWAYS,22.09331231334616,2.5877621532894874,22.4822100336292,2.0,29.08930612366541,1.2938810766447435,22.4822100336292,smooth_fair_pe_pit_truth_xnys_v5
2014-06-13,SIDEWAYS,22.1155379038989,2.5877621532894874,22.45884873210424,2.0,29.05907937769647,1.2938810766447435,22.45884873210424,smooth_fair_pe_pit_truth_xnys_v5
2014-06-16,SIDEWAYS,22.137229381705477,2.5877621532894874,22.44390466543649,2.0,29.039743532626957,1.2938810766447435,22.44390466543649,smooth_fair_pe_pit_truth_xnys_v5
2014-06-17,SIDEWAYS,22.15839905676397,2.5877621532894874,22.155006763871544,2.0,28.665944004709694,1.2938810766447435,22.155006763871544,smooth_fair_pe_pit_truth_xnys_v5
2014-06-18,SIDEWAYS,22.17905898136147,2.5877621532894874,23.1481331298863,2.0,29.950931416413148,1.2938810766447435,23.1481331298863,smooth_fair_pe_pit_truth_xnys_v5
2014-06-19,SIDEWAYS,22.19922095415048,2.5877621532894874,23.08228347796994,2.0,29.86572979789493,1.2938810766447435,23.08228347796994,smooth_fair_pe_pit_truth_xnys_v5
2014-06-20,SIDEWAYS,22.218896524232832,2.5877621532894874,22.880194221634927,2.0,29.604250333329844,1.2938810766447435,22.880194221634927,smooth_fair_pe_pit_truth_xnys_v5
2014-06-23,SIDEWAYS,22.238096995246067,2.5877621532894874,22.87038949162508,2.0,29.591564178708488,1.2938810766447435,22.87038949162508,smooth_fair_pe_pit_truth_xnys_v5
2014-06-24,SIDEWAYS,22.256833429447383,2.5877621532894874,22.042059106880203,2.0,28.519803168677235,1.2938810766447435,22.042059106880203,smooth_fair_pe_pit_truth_xnys_v5
2014-06-25,SIDEWAYS,22.275116651790903,2.5877621532894874,21.77315332625056,2.0,28.171871067720154,1.2938810766447435,21.77315332625056,smooth_fair_pe_pit_truth_xnys_v5
2014-06-26,SIDEWAYS,22.29295725399405,2.5877621532894874,22.210034284641985,2.0,28.737143072529243,1.2938810766447435,22.210034284641985,smooth_fair_pe_pit_truth_xnys_v5
2014-06-27,SIDEWAYS,22.31036559858931,2.5877621532894874,21.98207498941806,2.0,28.442190854193733,1.2938810766447435,21.98207498941806,smooth_fair_pe_pit_truth_xnys_v5
2014-06-30,SIDEWAYS,22.327351822957684,2.5877621532894874,21.69231626063602,2.0,28.06727751823001,1.2938810766447435,21.69231626063602,smooth_fair_pe_pit_truth_xnys_v5
2014-07-01,SIDEWAYS,22.343925843340635,2.5877621532894874,22.264709139842186,2.0,28.80788583304107,1.2938810766447435,22.264709139842186,smooth_fair_pe_pit_truth_xnys_v5
2014-07-02,SIDEWAYS,22.360097358827435,2.5877621532894874,22.82973938645939,2.0,29.538967776870987,1.2938810766447435,22.82973938645939,smooth_fair_pe_pit_truth_xnys_v5
2014-07-03,SIDEWAYS,22.37587585531504,2.5877621532894874,23.53556770922633,2.0,30.452225687059038,1.2938810766447435,23.53556770922633,smooth_fair_pe_pit_truth_xnys_v5
2014-07-07,SIDEWAYS,22.391270609438003,2.5877621532894874,23.31921670995764,2.0,30.17229322319209,1.2938810766447435,23.31921670995764,smooth_fair_pe_pit_truth_xnys_v5
2014-07-08,SIDEWAYS,22.40629069246587,2.6444897852049025,22.710284282096847,2.0,30.028557401552284,1.3222448926024513,22.710284282096847,smooth_fair_pe_pit_truth_xnys_v5
2014-07-09,SIDEWAYS,22.420944974165987,2.6444897852049025,22.38046363157651,2.0,29.592453730926948,1.3222448926024513,22.38046363157651,smooth_fair_pe_pit_truth_xnys_v5
2014-07-10,SIDEWAYS,22.43524212662968,2.6444897852049025,21.99969078233362,2.0,29.088978775773853,1.3222448926024513,21.99969078233362,smooth_fair_pe_pit_truth_xnys_v5
2014-07-11,SIDEWAYS,22.44919062805984,2.6444897852049025,21.628820522102384,2.0,28.59859746836496,1.3222448926024513,21.628820522102384,smooth_fair_pe_pit_truth_xnys_v5
2014-07-14,SIDEWAYS,22.46279876651853,2.6444897852049025,21.45035921713089,2.0,28.362627919339243,1.3222448926024513,21.45035921713089,smooth_fair_pe_pit_truth_xnys_v5
2014-07-15,SIDEWAYS,22.476074643632696,2.6444897852049025,21.12536403131657,2.0,27.932904694775868,1.3222448926024513,21.12536403131657,smooth_fair_pe_pit_truth_xnys_v5
2014-07-16,BULL,22.65747431977636,2.6444897852049025,20.781948052825022,2.0,27.478824671177343,1.3222448926024513,20.781948052825022,smooth_fair_pe_pit_truth_xnys_v5
2014-07-17,BULL,22.835748504142597,2.6444897852049025,21.137647978076643,2.0,27.949147080640373,1.3222448926024513,21.137647978076643,smooth_fair_pe_pit_truth_xnys_v5
2014-07-18,BULL,23.010916284555496,2.6444897852049025,21.48932339427401,2.0,28.41414810356118,1.3222448926024513,21.48932339427401,smooth_fair_pe_pit_truth_xnys_v5
2014-07-21,BULL,23.18299849192742,2.6444897852049025,22.41489531014718,2.0,29.637980842060745,1.3222448926024513,22.41489531014718,smooth_fair_pe_pit_truth_xnys_v5
2014-07-22,BULL,23.35201759112019,2.6444897852049025,22.353466856486374,2.0,29.55675738294729,1.3222448926024513,22.353466856486374,smooth_fair_pe_pit_truth_xnys_v5
2014-07-23,BULL,23.517997575143635,2.6444897852049025,22.692079647094157,2.0,30.00448641589828,1.3222448926024513,22.692079647094157,smooth_fair_pe_pit_truth_xnys_v5
2014-07-24,BULL,23.680963862719505,2.6444897852049025,23.027641722129665,2.0,30.448181655765065,1.3222448926024513,23.027641722129665,smooth_fair_pe_pit_truth_xnys_v5
2014-07-25,BULL,23.84094319922637,2.6444897852049025,23.11629307437539,2.0,30.565400453494277,1.3222448926024513,23.11629307437539,smooth_fair_pe_pit_truth_xnys_v5
2014-07-28,BULL,23.997963561029703,2.6444897852049025,23.62610568763706,2.0,31.239497577563828,1.3222448926024513,23.62610568763706,smooth_fair_pe_pit_truth_xnys_v5
2014-07-29,SIDEWAYS,23.972494392797135,2.6444897852049025,23.955106887469626,2.0,31.674517733702512,1.3222448926024513,23.955106887469626,smooth_fair_pe_pit_truth_xnys_v5
2014-07-30,SIDEWAYS,23.947687979367156,2.6444897852049025,24.07281376518453,2.0,31.83015505158523,1.3222448926024513,24.07281376518453,smooth_fair_pe_pit_truth_xnys_v5
2014-07-31,SIDEWAYS,23.92352644124904,2.6444897852049025,23.930636709014376,2.0,31.64216216521899,1.3222448926024513,23.930636709014376,smooth_fair_pe_pit_truth_xnys_v5
2014-08-01,SIDEWAYS,23.899992412548425,2.6444897852049025,23.7533110572019,2.0,31.407694227782542,1.3222448926024513,23.7533110572019,smooth_fair_pe_pit_truth_xnys_v5
2014-08-04,SIDEWAYS,23.87706902469738,2.6444897852049025,23.161979920538723,2.0,30.62580965249286,1.3222448926024513,23.161979920538723,smooth_fair_pe_pit_truth_xnys_v5
2014-08-05,SIDEWAYS,23.854739890771263,2.6444897852049025,22.848703907903715,2.0,30.21158204481136,1.3222448926024513,22.848703907903715,smooth_fair_pe_pit_truth_xnys_v5
2014-08-06,SIDEWAYS,23.832989090367832,2.6444897852049025,22.632147539326173,2.0,29.92524149249917,1.3222448926024513,22.632147539326173,smooth_fair_pe_pit_truth_xnys_v5
2014-08-07,SIDEWAYS,23.811801155025435,2.6444897852049025,22.227992336048,2.0,29.3908493391459,1.3222448926024513,22.227992336048,smooth_fair_pe_pit_truth_xnys_v5
2014-08-08,SIDEWAYS,23.79116105415826,2.6444897852049025,22.477922346656197,2.0,29.721318019180657,1.3222448926024513,22.477922346656197,smooth_fair_pe_pit_truth_xnys_v5
2014-08-11,SIDEWAYS,23.771054181487447,2.6444897852049025,23.026235368220576,2.0,30.44632211149158,1.3222448926024513,23.026235368220576,smooth_fair_pe_pit_truth_xnys_v5
2014-08-12,BULL,23.929370459803053,2.6444897852049025,22.84739572893992,2.0,30.209852311857865,1.3222448926024513,22.84739572893992,smooth_fair_pe_pit_truth_xnys_v5
2014-08-13,BULL,24.08474395811333,2.6444897852049025,23.177622523866976,2.0,30.646493004850644,1.3222448926024513,23.177622523866976,smooth_fair_pe_pit_truth_xnys_v5
2014-08-14,BULL,24.23720439097829,2.6444897852049025,22.946994325695066,2.0,30.34154604772773,1.3222448926024513,22.946994325695066,smooth_fair_pe_pit_truth_xnys_v5
2014-08-15,BULL,24.386782474315456,2.6444897852049025,23.03772141239595,2.0,30.461509474738676,1.3222448926024513,23.03772141239595,smooth_fair_pe_pit_truth_xnys_v5
2014-08-18,BULL,24.533509841670945,2.6444897852049025,22.968418197510346,2.0,30.36987365281525,1.3222448926024513,22.968418197510346,smooth_fair_pe_pit_truth_xnys_v5
2014-08-19,BULL,24.6774189637769,2.6444897852049025,23.44736544577264,2.0,31.003159205656072,1.3222448926024513,23.44736544577264,smooth_fair_pe_pit_truth_xnys_v5
2014-08-20,BULL,24.818543071352344,2.6444897852049025,23.366660626016092,2.0,30.89644766992458,1.3222448926024513,23.366660626016092,smooth_fair_pe_pit_truth_xnys_v5
2014-08-21,BULL,24.956916081099184,2.6444897852049025,24.015438331226047,2.0,31.754290677072778,1.3222448926024513,24.015438331226047,smooth_fair_pe_pit_truth_xnys_v5
2014-08-22,BULL,25.092572524839653,2.6444897852049025,24.094944932066024,2.0,31.85941787396162,1.3222448926024513,24.094944932066024,smooth_fair_pe_pit_truth_xnys_v5
2014-08-25,BULL,25.225547481737024,2.6444897852049025,23.99939856266856,2.0,31.73308217501911,1.3222448926024513,23.99939856266856,smooth_fair_pe_pit_truth_xnys_v5
2014-08-26,SIDEWAYS,25.167366964104808,2.6444897852049025,23.480021463086757,2.0,31.0463384577624,1.3222448926024513,23.480021463086757,smooth_fair_pe_pit_truth_xnys_v5
2014-08-27,SIDEWAYS,25.110770160043906,2.6444897852049025,23.63243511844004,2.0,31.247866635116143,1.3222448926024513,23.63243511844004,smooth_fair_pe_pit_truth_xnys_v5
2014-08-28,SIDEWAYS,25.05571082116957,2.6444897852049025,24.051072876029156,2.0,31.801408271938897,1.3222448926024513,24.051072876029156,smooth_fair_pe_pit_truth_xnys_v5
2014-08-29,SIDEWAYS,25.002144204699224,2.6444897852049025,24.177308541355437,2.0,31.968322735680843,1.3222448926024513,24.177308541355437,smooth_fair_pe_pit_truth_xnys_v5
2014-09-02,SIDEWAYS,24.950027016985725,2.6444897852049025,25.169668508084115,2.0,33.28046563331098,1.3222448926024513,25.169668508084115,smooth_fair_pe_pit_truth_xnys_v5
2014-09-03,SIDEWAYS,24.8993173595126,2.6444897852049025,25.759807073450062,2.0,34.060773337293845,1.3222448926024513,25.759807073450062,smooth_fair_pe_pit_truth_xnys_v5
2014-09-04,SIDEWAYS,24.849974677228552,2.6444897852049025,25.514776535630254,2.0,33.73678296012997,1.3222448926024513,25.514776535630254,smooth_fair_pe_pit_truth_xnys_v5
2014-09-05,SIDEWAYS,24.801959709105123,2.6444897852049025,25.28003966247321,2.0,33.4264033284926,1.3222448926024513,25.28003966247321,smooth_fair_pe_pit_truth_xnys_v5
2014-09-08,BEAR,24.56886368543037,2.6444897852049025,25.226156130994564,2.0,33.35515610419957,1.3222448926024513,25.226156130994564,smooth_fair_pe_pit_truth_xnys_v5
2014-09-09,BEAR,24.34370446528719,2.6444897852049025,24.581799225585943,2.0,32.503158477009904,1.3222448926024513,24.581799225585943,smooth_fair_pe_pit_truth_xnys_v5
2014-09-10,BEAR,24.12616109524721,2.6444897852049025,24.864448443251423,2.0,32.87688996146617,1.3222448926024513,24.864448443251423,smooth_fair_pe_pit_truth_xnys_v5
2014-09-11,BEAR,23.91592819449145,2.6444897852049025,24.76390623664174,2.0,32.74394854228553,1.3222448926024513,24.76390623664174,smooth_fair_pe_pit_truth_xnys_v5
2014-09-12,BEAR,23.712715067056507,2.6444897852049025,24.615581223594035,2.0,32.54782655133801,1.3222448926024513,24.615581223594035,smooth_fair_pe_pit_truth_xnys_v5
2014-09-15,BEAR,23.516244871788903,2.6444897852049025,24.66000614128393,2.0,32.606567171857755,1.3222448926024513,24.66000614128393,smooth_fair_pe_pit_truth_xnys_v5
2014-09-16,BEAR,23.326253845829008,2.6444897852049025,25.159416861092232,2.0,33.2669104454352,1.3222448926024513,25.159416861092232,smooth_fair_pe_pit_truth_xnys_v5
2014-09-17,BEAR,23.14249057777788,2.6444897852049025,24.92474615760834,2.0,32.9566183063102,1.3222448926024513,24.92474615760834,smooth_fair_pe_pit_truth_xnys_v5
2014-09-18,BEAR,22.96471532700349,2.6444897852049025,24.57337482754698,2.0,32.49201935972964,1.3222448926024513,24.57337482754698,smooth_fair_pe_pit_truth_xnys_v5
2014-09-19,BEAR,22.7926993858201,2.6444897852049025,24.959127072643717,2.0,33.00207829561872,1.3222448926024513,24.959127072643717,smooth_fair_pe_pit_truth_xnys_v5
2014-09-22,BEAR,22.62622448152841,2.6444897852049025,25.075138233095057,2.0,33.15547346001039,1.3222448926024513,25.075138233095057,smooth_fair_pe_pit_truth_xnys_v5
2014-09-23,BEAR,22.46508221553637,2.6444897852049025,24.600967430434387,2.0,32.52850353797112,1.3222448926024513,24.600967430434387,smooth_fair_pe_pit_truth_xnys_v5
2014-09-24,BEAR,22.309073536993385,2.6444897852049025,24.299626728089244,2.0,32.13005733336202,1.3222448926024513,24.299626728089244,smooth_fair_pe_pit_truth_xnys_v5
2014-09-25,BEAR,22.15800824856608,2.6444897852049025,24.09622747184156,2.0,31.86111370562938,1.3222448926024513,24.09622747184156,smooth_fair_pe_pit_truth_xnys_v5
2014-09-26,BEAR,22.011704542162537,2.6444897852049025,23.972609436228687,2.0,31.69766038940671,1.3222448926024513,23.972609436228687,smooth_fair_pe_pit_truth_xnys_v5
2014-09-29,BEAR,21.869988562576573,2.6444897852049025,23.124989488923987,2.0,30.576899243215117,1.3222448926024513,23.124989488923987,smooth_fair_pe_pit_truth_xnys_v5
2014-09-30,BEAR,21.732693997174582,2.6444897852049025,22.27586144319945,2.0,29.454144021590334,1.3222448926024513,22.27586144319945,smooth_fair_pe_pit_truth_xnys_v5
2014-10-01,BEAR,21.59966168988616,2.6444897852049025,21.756430344358023,2.0,28.767328904088387,1.3222448926024513,21.756430344358023,smooth_fair_pe_pit_truth_xnys_v5
2014-10-02,BEAR,21.47073927788743,2.6444897852049025,21.891928987988788,2.0,28.94649129358373,1.3222448926024513,21.891928987988788,smooth_fair_pe_pit_truth_xnys_v5
2014-10-03,BEAR,21.345780849483507,2.6444897852049025,21.527394865816103,2.0,28.46448791236158,1.3222448926024513,21.527394865816103,smooth_fair_pe_pit_truth_xnys_v5
2014-10-06,BEAR,21.22464662180459,2.7250114196397712,21.03855996101254,2.0,28.66515807326761,1.3625057098198856,21.03855996101254,smooth_fair_pe_pit_truth_xnys_v5
2014-10-07,BEAR,21.107202637029825,2.7250114196397712,20.86964775187581,2.0,28.43501422386053,1.3625057098198856,20.86964775187581,smooth_fair_pe_pit_truth_xnys_v5
2014-10-08,BEAR,20.99332047594496,2.7250114196397712,20.844706488144208,2.0,28.401031609616098,1.3625057098198856,20.844706488144208,smooth_fair_pe_pit_truth_xnys_v5
2014-10-09,BEAR,20.882876987724536,2.7250114196397712,20.291742947489368,2.0,27.64761562815166,1.3625057098198856,20.291742947489368,smooth_fair_pe_pit_truth_xnys_v5
2014-10-10,SIDEWAYS,20.93335159507967,2.7250114196397712,20.207251769764383,2.0,27.53249591607196,1.3625057098198856,20.207251769764383,smooth_fair_pe_pit_truth_xnys_v5
2014-10-13,SIDEWAYS,20.982681796858618,2.7250114196397712,20.51351767234689,2.0,27.949784957063763,1.3625057098198856,20.51351767234689,smooth_fair_pe_pit_truth_xnys_v5
2014-10-14,SIDEWAYS,21.030890666817257,2.7250114196397712,20.810234996556808,2.0,28.35406400550226,1.3625057098198856,20.810234996556808,smooth_fair_pe_pit_truth_xnys_v5
2014-10-15,SIDEWAYS,21.078000956544845,2.7250114196397712,20.599627544771767,2.0,28.067110149914523,1.3625057098198856,20.599627544771767,smooth_fair_pe_pit_truth_xnys_v5
2014-10-16,SIDEWAYS,21.12403509225637,2.7250114196397712,20.73331734621068,2.0,28.24926326771973,1.3625057098198856,20.73331734621068,smooth_fair_pe_pit_truth_xnys_v5
2014-10-17,SIDEWAYS,21.169015172130127,2.7250114196397712,21.64054076308869,2.0,29.48536035329833,1.3625057098198856,21.64054076308869,smooth_fair_pe_pit_truth_xnys_v5
2014-10-20,SIDEWAYS,21.21296296416017,2.7250114196397712,21.649963717258565,2.0,29.49819918215815,1.3625057098198856,21.649963717258565,smooth_fair_pe_pit_truth_xnys_v5
2014-10-21,SIDEWAYS,21.255899904494296,2.7250114196397712,21.39858884779776,2.0,29.155699487212573,1.3625057098198856,21.39858884779776,smooth_fair_pe_pit_truth_xnys_v5
2014-10-22,SIDEWAYS,21.29784709622966,2.7250114196397712,21.36528309335672,2.0,29.110320206616795,1.3625057098198856,21.36528309335672,smooth_fair_pe_pit_truth_xnys_v5
2014-10-23,SIDEWAYS,21.33882530863889,2.7250114196397712,21.43787105029709,2.0,29.20922171241221,1.3625057098198856,21.43787105029709,smooth_fair_pe_pit_truth_xnys_v5
2014-10-24,BULL,21.53898767263713,2.7250114196397712,21.574167015409344,2.0,29.394925743103077,1.3625057098198856,21.574167015409344,smooth_fair_pe_pit_truth_xnys_v5
2014-10-27,BULL,21.735953576929138,2.7250114196397712,21.75704012019929,2.0,29.644091392551864,1.3625057098198856,21.75704012019929,smooth_fair_pe_pit_truth_xnys_v5
2014-10-28,BULL,21.929729399207865,2.7250114196397712,21.386773154702947,2.0,29.13960053790541,1.3625057098198856,21.386773154702947,smooth_fair_pe_pit_truth_xnys_v5
2014-10-29,BULL,22.12032397051761,2.7250114196397712,21.233988716027888,2.0,28.93143086783902,1.3625057098198856,21.233988716027888,smooth_fair_pe_pit_truth_xnys_v5
2014-10-30,BULL,22.30774844775487,2.7250114196397712,21.408884201190247,2.0,29.169726964994453,1.3625057098198856,21.408884201190247,smooth_fair_pe_pit_truth_xnys_v5
2014-10-31,BULL,22.4920161890277,2.7250114196397712,21.574782932742384,2.0,29.395764933986115,1.3625057098198856,21.574782932742384,smooth_fair_pe_pit_truth_xnys_v5
2014-11-03,BULL,22.67314263199805,2.7250114196397712,21.58184717607375,2.0,29.40539000586066,1.3625057098198856,21.58184717607375,smooth_fair_pe_pit_truth_xnys_v5
2014-11-04,BULL,22.851145175312077,2.7250114196397712,21.746355342391865,2.0,29.62953332178109,1.3625057098198856,21.746355342391865,smooth_fair_pe_pit_truth_xnys_v5
2014-11-05,BULL,23.02604306320548,2.7250114196397712,22.00219878896564,2.0,29.978121478557856,1.3625057098198856,22.00219878896564,smooth_fair_pe_pit_truth_xnys_v5
2014-11-06,BULL,23.197857273354263,2.7250114196397712,22.585652915291195,2.0,30.7730810570944,1.3625057098198856,22.585652915291195,smooth_fair_pe_pit_truth_xnys_v5
2014-11-07,BULL,23.366610408025508,2.7250114196397712,22.745832713240297,2.0,30.991326946397844,1.3625057098198856,22.745832713240297,smooth_fair_pe_pit_truth_xnys_v5
2014-11-10,BULL,23.53232658856837,2.7250114196397712,23.10960553990479,2.0,31.48696949980554,1.3625057098198856,23.10960553990479,smooth_fair_pe_pit_truth_xnys_v5
2014-11-11,BULL,23.695031353272416,2.7250114196397712,23.06871697812121,2.0,31.43125860090909,1.3625057098198856,23.06871697812121,smooth_fair_pe_pit_truth_xnys_v5
2014-11-12,BULL,23.85475155860756,2.7250114196397712,23.50235197884781,2.0,32.02208876537683,1.3625057098198856,23.50235197884781,smooth_fair_pe_pit_truth_xnys_v5
2014-11-13,BULL,24.01151528384928,2.7250114196397712,23.838614303292008,2.0,32.48024810242936,1.3625057098198856,23.838614303292008,smooth_fair_pe_pit_truth_xnys_v5
2014-11-14,BULL,24.16535173908182,2.7250114196397712,24.378738318411017,2.0,33.21617015703985,1.3625057098198856,24.378738318411017,smooth_fair_pe_pit_truth_xnys_v5
2014-11-17,BULL,24.31629117656308,2.7250114196397712,24.834972798746648,2.0,33.83779224151385,1.3625057098198856,24.834972798746648,smooth_fair_pe_pit_truth_xnys_v5
2014-11-18,BULL,24.46436480542631,2.7250114196397712,25.220438880438763,2.0,34.36299197876126,1.3625057098198856,25.220438880438763,smooth_fair_pe_pit_truth_xnys_v5
2014-11-19,BULL,24.60960470968584,2.7250114196397712,25.27905607833706,2.0,34.44285824559133,1.3625057098198856,25.27905607833706,smooth_fair_pe_pit_truth_xnys_v5
2014-11-20,BULL,24.752043769507345,2.7250114196397712,25.49662346821458,2.0,34.73929505657006,1.3625057098198856,25.49662346821458,smooth_fair_pe_pit_truth_xnys_v5
2014-11-21,BULL,24.891715585696893,2.7250114196397712,26.089629326703307,2.0,35.54726892471759,1.3625057098198856,26.089629326703307,smooth_fair_pe_pit_truth_xnys_v5
2014-11-24,BULL,25.02865440735737,2.7250114196397712,25.854035019122808,2.0,35.2262703354381,1.3625057098198856,25.854035019122808,smooth_fair_pe_pit_truth_xnys_v5
2014-11-25,BULL,25.16289506265628,2.7250114196397712,25.650364154654135,2.0,34.948767619675586,1.3625057098198856,25.650364154654135,smooth_fair_pe_pit_truth_xnys_v5
2014-11-26,BULL,25.29447289264458,2.7250114196397712,25.839070707467965,2.0,35.205881375364854,1.3625057098198856,25.839070707467965,smooth_fair_pe_pit_truth_xnys_v5
2014-11-28,BULL,25.42342368806229,2.7250114196397712,26.132236663338706,2.0,35.60532166416354,1.3625057098198856,26.132236663338706,smooth_fair_pe_pit_truth_xnys_v5
2014-12-01,BULL,25.549783629063867,2.7250114196397712,25.83276736679828,2.0,35.19729303771147,1.3625057098198856,25.83276736679828,smooth_fair_pe_pit_truth_xnys_v5
2014-12-02,BULL,25.67358922779338,2.7250114196397712,25.90590871442731,2.0,35.29694854147994,1.3625057098198856,25.90590871442731,smooth_fair_pe_pit_truth_xnys_v5
2014-12-03,BULL,25.794877273737445,2.7250114196397712,25.97025160954084,2.0,35.38461610345847,1.3625057098198856,25.97025160954084,smooth_fair_pe_pit_truth_xnys_v5
2014-12-04,BULL,25.913684781782013,2.7250114196397712,25.05981097079972,2.0,34.14413553472163,1.3625057098198856,25.05981097079972,smooth_fair_pe_pit_truth_xnys_v5
2014-12-05,BULL,26.03004894289783,2.7250114196397712,25.1234949542598,2.0,34.23090532581006,1.3625057098198856,25.1234949542598,smooth_fair_pe_pit_truth_xnys_v5
2014-12-08,BULL,26.144007077378163,2.7250114196397712,25.21570512456628,2.0,34.35654220935611,1.3625057098198856,25.21570512456628,smooth_fair_pe_pit_truth_xnys_v5
2014-12-09,BULL,26.25559659055196,2.7250114196397712,25.305204985297348,2.0,34.47848628063027,1.3625057098198856,25.305204985297348,smooth_fair_pe_pit_truth_xnys_v5
2014-12-10,BULL,26.36485493089484,2.7250114196397712,26.124182211896684,2.0,35.59434742808432,1.3625057098198856,26.124182211896684,smooth_fair_pe_pit_truth_xnys_v5
2014-12-11,BULL,26.47181955046058,2.7250114196397712,25.67649928105648,2.0,34.98437687862564,1.3625057098198856,25.67649928105648,smooth_fair_pe_pit_truth_xnys_v5
2014-12-12,BULL,26.5765278675554,2.7250114196397712,25.444786770649856,2.0,34.668667260159914,1.3625057098198856,25.444786770649856,smooth_fair_pe_pit_truth_xnys_v5
2014-12-15,BULL,26.679017231578293,2.7250114196397712,24.43340803219176,2.0,33.29065795422032,1.3625057098198856,24.43340803219176,smooth_fair_pe_pit_truth_xnys_v5
2014-12-16,BULL,26.779324889950534,2.7250114196397712,24.4424942076377,2.0,33.30303792014585,1.3625057098198856,24.4424942076377,smooth_fair_pe_pit_truth_xnys_v5
2014-12-17,BULL,26.877487957058765,2.7250114196397712,24.49181409421949,2.0,33.370236547221204,1.3625057098198856,24.49181409421949,smooth_fair_pe_pit_truth_xnys_v5
2014-12-18,BULL,26.973543385136637,2.7250114196397712,24.49095374513484,2.0,33.369064316680934,1.3625057098198856,24.49095374513484,smooth_fair_pe_pit_truth_xnys_v5
2014-12-19,BULL,27.067527937011075,2.7250114196397712,25.21687556610476,2.0,34.35813694263529,1.3625057098198856,25.21687556610476,smooth_fair_pe_pit_truth_xnys_v5
2014-12-22,BULL,27.159478160640592,2.7250114196397712,25.806983725311976,2.0,35.16216267896643,1.3625057098198856,25.806983725311976,smooth_fair_pe_pit_truth_xnys_v5
2014-12-23,BULL,27.249430365373943,2.7250114196397712,26.00835800383555,2.0,35.43653628326566,1.3625057098198856,26.00835800383555,smooth_fair_pe_pit_truth_xnys_v5
2014-12-24,BULL,27.337420599859247,2.7250114196397712,25.99145052293873,2.0,35.41349974400508,1.3625057098198856,25.99145052293873,smooth_fair_pe_pit_truth_xnys_v5
2014-12-26,BULL,27.423484631534844,2.7250114196397712,26.639942024805617,2.0,36.297073118068376,1.3625057098198856,26.639942024805617,smooth_fair_pe_pit_truth_xnys_v5
2014-12-29,BULL,27.507657927634806,2.7250114196397712,26.75870923230596,2.0,36.45889411642696,1.3625057098198856,26.75870923230596,smooth_fair_pe_pit_truth_xnys_v5
2014-12-30,BULL,27.589975637643494,2.7250114196397712,26.490216439294656,2.0,36.09307115290357,1.3625057098198856,26.490216439294656,smooth_fair_pe_pit_truth_xnys_v5
2014-12-31,BULL,27.670472577135445,2.7250114196397712,25.82226197250457,2.0,35.182979378002386,1.3625057098198856,25.82226197250457,smooth_fair_pe_pit_truth_xnys_v5
2015-01-02,BULL,27.749183212938203,2.7250114196397712,26.88011721048896,2.0,36.624313179918985,1.3625057098198856,26.88011721048896,smooth_fair_pe_pit_truth_xnys_v5
2015-01-05,BULL,27.82614164955769,2.7250114196397712,27.443119204523096,2.0,37.39140661143048,1.3625057098198856,27.443119204523096,smooth_fair_pe_pit_truth_xnys_v5
2015-01-06,BULL,27.901381616807317,2.8393578072248102,27.604701686922947,2.0,39.18981262543828,1.4196789036124051,27.604701686922947,smooth_fair_pe_pit_truth_xnys_v5
2015-01-07,BULL,27.97493645858372,2.8393578072248102,27.725963267053302,2.0,39.36196513256805,1.4196789036124051,27.725963267053302,smooth_fair_pe_pit_truth_xnys_v5
2015-01-08,BULL,28.046839122733992,2.8393578072248102,27.43161594817457,2.0,38.94408645362104,1.4196789036124051,27.43161594817457,smooth_fair_pe_pit_truth_xnys_v5
2015-01-09,BULL,28.11712215196066,2.8393578072248102,26.95585171949128,2.0,38.26865401506594,1.4196789036124051,26.95585171949128,smooth_fair_pe_pit_truth_xnys_v5
2015-01-12,BULL,28.18581767571277,2.8393578072248102,27.36066793557455,2.0,38.84336305687957,1.4196789036124051,27.36066793557455,smooth_fair_pe_pit_truth_xnys_v5
2015-01-13,BULL,28.25295740301296,2.8393578072248102,26.61580916571421,2.0,37.78590277513816,1.4196789036124051,26.61580916571421,smooth_fair_pe_pit_truth_xnys_v5
2015-01-14,BULL,28.318572616172137,2.8393578072248102,27.03988162673079,2.0,38.38794950164638,1.4196789036124051,27.03988162673079,smooth_fair_pe_pit_truth_xnys_v5
2015-01-15,BULL,28.38269416534527,2.8393578072248102,27.57930617875921,2.0,39.15375915825171,1.4196789036124051,27.57930617875921,smooth_fair_pe_pit_truth_xnys_v5
2015-01-16,BULL,28.44535246388309,2.8393578072248102,27.906140903712195,2.0,39.617759522235424,1.4196789036124051,27.906140903712195,smooth_fair_pe_pit_truth_xnys_v5
2015-01-20,BULL,28.50657748443674,2.8393578072248102,27.88785251258123,2.0,39.59179587916578,1.4196789036124051,27.88785251258123,smooth_fair_pe_pit_truth_xnys_v5
2015-01-21,BULL,28.566398755773367,2.8393578072248102,28.26920528761906,2.0,40.13319436872103,1.4196789036124051,28.26920528761906,smooth_fair_pe_pit_truth_xnys_v5
2015-01-22,BULL,28.624845360262885,2.8393578072248102,28.432172472969093,2.0,40.36455544374357,1.4196789036124051,28.432172472969093,smooth_fair_pe_pit_truth_xnys_v5
2015-01-23,BULL,28.681945931997223,2.8393578072248102,28.10403429754309,2.0,39.89870459862141,1.4196789036124051,28.10403429754309,smooth_fair_pe_pit_truth_xnys_v5
2015-01-26,SIDEWAYS,28.524076554870103,2.8393578072248102,28.931255029348616,2.0,41.07309242019653,1.4196789036124051,28.931255029348616,smooth_fair_pe_pit_truth_xnys_v5
2015-01-27,SIDEWAYS,28.37099057186244,2.8393578072248102,28.57009308838644,2.0,40.56035843182481,1.4196789036124051,28.57009308838644,smooth_fair_pe_pit_truth_xnys_v5
2015-01-28,SIDEWAYS,28.222522818477525,2.8393578072248102,28.80812869246321,2.0,40.89829255724124,1.4196789036124051,28.80812869246321,smooth_fair_pe_pit_truth_xnys_v5
2015-01-29,SIDEWAYS,28.078514843086165,2.8393578072248102,27.40634752887148,2.0,38.908213411808816,1.4196789036124051,27.40634752887148,smooth_fair_pe_pit_truth_xnys_v5
2015-01-30,SIDEWAYS,27.93881458503716,2.8393578072248102,27.94440958263358,2.0,39.67208875836923,1.4196789036124051,27.94440958263358,smooth_fair_pe_pit_truth_xnys_v5
2015-02-02,SIDEWAYS,27.80327607057653,2.8393578072248102,28.55350883601477,2.0,40.536814118600574,1.4196789036124051,28.55350883601477,smooth_fair_pe_pit_truth_xnys_v5
2015-02-03,SIDEWAYS,27.671759125468117,2.8393578072248102,28.388319881251583,2.0,40.30229884441349,1.4196789036124051,28.388319881251583,smooth_fair_pe_pit_truth_xnys_v5
2015-02-04,SIDEWAYS,27.544129103284533,2.8393578072248102,28.49927898905837,2.0,40.45982514893045,1.4196789036124051,28.49927898905837,smooth_fair_pe_pit_truth_xnys_v5
2015-02-05,SIDEWAYS,27.42025662840728,2.8393578072248102,28.59921640873229,2.0,40.60170419532296,1.4196789036124051,28.59921640873229,smooth_fair_pe_pit_truth_xnys_v5
2015-02-06,BULL,27.50450095964812,2.8393578072248102,28.285548118621996,2.0,40.1563959411212,1.4196789036124051,28.285548118621996,smooth_fair_pe_pit_truth_xnys_v5
2015-02-09,BULL,27.586888378264558,2.8393578072248102,28.602955922109057,2.0,40.607013103573735,1.4196789036124051,28.602955922109057,smooth_fair_pe_pit_truth_xnys_v5
2015-02-10,BULL,27.667453712768463,2.8393578072248102,28.21068241095682,2.0,40.05011067534494,1.4196789036124051,28.21068241095682,smooth_fair_pe_pit_truth_xnys_v5
2015-02-11,BULL,27.74623144346381,2.8393578072248102,27.950070291765424,2.0,39.6801251477032,1.4196789036124051,27.950070291765424,smooth_fair_pe_pit_truth_xnys_v5
2015-02-12,BULL,27.823255688825206,2.8393578072248102,28.589447730698154,2.0,40.58783580920172,1.4196789036124051,28.589447730698154,smooth_fair_pe_pit_truth_xnys_v5
2015-02-13,BULL,27.8985601930825,2.8393578072248102,29.12667653596821,2.0,41.35052821045651,1.4196789036124051,29.12667653596821,smooth_fair_pe_pit_truth_xnys_v5
2015-02-17,BULL,27.97217831495404,2.8393578072248102,28.76013578629684,2.0,40.830158040833794,1.4196789036124051,28.76013578629684,smooth_fair_pe_pit_truth_xnys_v5
2015-02-18,SIDEWAYS,27.83564741442771,2.8393578072248102,28.19729872958233,2.0,40.03111014524491,1.4196789036124051,28.19729872958233,smooth_fair_pe_pit_truth_xnys_v5
2015-02-19,SIDEWAYS,27.703171431730038,2.8393578072248102,27.71739906163918,2.0,39.34980671081542,1.4196789036124051,27.71739906163918,smooth_fair_pe_pit_truth_xnys_v5
2015-02-20,SIDEWAYS,27.5746144090472,2.8393578072248102,27.954151720867603,2.0,39.68591946649615,1.4196789036124051,27.954151720867603,smooth_fair_pe_pit_truth_xnys_v5
2015-02-23,SIDEWAYS,27.44984572016494,2.8393578072248102,27.30884822531569,2.0,38.76979570743375,1.4196789036124051,27.30884822531569,smooth_fair_pe_pit_truth_xnys_v5
2015-02-24,SIDEWAYS,27.32873982402344,2.8393578072248102,27.37195412020685,2.0,38.85938581510432,1.4196789036124051,27.37195412020685,smooth_fair_pe_pit_truth_xnys_v5
2015-02-25,SIDEWAYS,27.21117603144625,2.8393578072248102,27.620444493549456,2.0,39.21216235588958,1.4196789036124051,27.620444493549456,smooth_fair_pe_pit_truth_xnys_v5
2015-02-26,BULL,27.30000152967824,2.8393578072248102,27.641854753467204,2.0,39.24255805021567,1.4196789036124051,27.641854753467204,smooth_fair_pe_pit_truth_xnys_v5
2015-02-27,BULL,27.38688555348756,2.8393578072248102,28.21752101972893,2.0,40.05981930394877,1.4196789036124051,28.21752101972893,smooth_fair_pe_pit_truth_xnys_v5
2015-03-02,BULL,27.47186370081642,2.8393578072248102,28.10003602561459,2.0,39.893028336313606,1.4196789036124051,28.10003602561459,smooth_fair_pe_pit_truth_xnys_v5
2015-03-03,BULL,27.554971259192985,2.8393578072248102,28.03869633883299,2.0,39.80594567703558,1.4196789036124051,28.03869633883299,smooth_fair_pe_pit_truth_xnys_v5
2015-03-04,BULL,27.63624318898601,2.8393578072248102,27.60221672961393,2.0,39.18628478397029,1.4196789036124051,27.60221672961393,smooth_fair_pe_pit_truth_xnys_v5
2015-03-05,BULL,27.715714108009102,2.8393578072248102,28.195169683992614,2.0,40.02808758413636,1.4196789036124051,28.195169683992614,smooth_fair_pe_pit_truth_xnys_v5
2015-03-06,BULL,27.793418277413004,2.8393578072248102,27.858104549778503,2.0,39.5495633239493,1.4196789036124051,27.858104549778503,smooth_fair_pe_pit_truth_xnys_v5
2015-03-09,BULL,27.8693895888066,2.8393578072248102,28.10675788552704,2.0,39.90257121902435,1.4196789036124051,28.10675788552704,smooth_fair_pe_pit_truth_xnys_v5
2015-03-10,BULL,27.943661552548893,2.8393578072248102,28.131190496665827,2.0,39.93725768161825,1.4196789036124051,28.131190496665827,smooth_fair_pe_pit_truth_xnys_v5
2015-03-11,BULL,28.016267287155674,2.8393578072248102,27.663737917202493,2.0,39.27362511611496,1.4196789036124051,27.663737917202493,smooth_fair_pe_pit_truth_xnys_v5
2015-03-12,BULL,28.08723950976689,2.8393578072248102,27.452257839771462,2.0,38.97339131165181,1.4196789036124051,27.452257839771462,smooth_fair_pe_pit_truth_xnys_v5
2015-03-13,BULL,28.156610527621883,2.8393578072248102,28.25241471205645,2.0,40.10935714281528,1.4196789036124051,28.25241471205645,smooth_fair_pe_pit_truth_xnys_v5
2015-03-16,BULL,28.22441223049196,2.8393578072248102,28.41764019862358,2.0,40.34392428043373,1.4196789036124051,28.41764019862358,smooth_fair_pe_pit_truth_xnys_v5
2015-03-17,BULL,28.290676084020976,2.8393578072248102,27.96017034744743,2.0,39.69446398368025,1.4196789036124051,27.96017034744743,smooth_fair_pe_pit_truth_xnys_v5
2015-03-18,BULL,28.355433123926755,2.8393578072248102,28.19848825411676,2.0,40.032798888131765,1.4196789036124051,28.19848825411676,smooth_fair_pe_pit_truth_xnys_v5
2015-03-19,BULL,28.41871395101758,2.8393578072248102,28.196575852587262,2.0,40.030083892025104,1.4196789036124051,28.196575852587262,smooth_fair_pe_pit_truth_xnys_v5
2015-03-20,BULL,28.480548726979805,2.8393578072248102,30.08472912261399,2.0,42.71065525626882,1.4196789036124051,30.08472912261399,smooth_fair_pe_pit_truth_xnys_v5
2015-03-23,BULL,28.54096717089416,2.8393578072248102,30.204209413772013,2.0,42.88027890502334,1.4196789036124051,30.204209413772013,smooth_fair_pe_pit_truth_xnys_v5
2015-03-24,BULL,28.59999855644008,2.8393578072248102,29.95804106899984,2.0,42.530798899213096,1.4196789036124051,29.95804106899984,smooth_fair_pe_pit_truth_xnys_v5
2015-03-25,BULL,28.657671709748914,2.8393578072248102,30.71003030680721,2.0,43.59838215587179,1.4196789036124051,30.71003030680721,smooth_fair_pe_pit_truth_xnys_v5
2015-03-26,BULL,28.714015007868305,2.8393578072248102,29.644147875990274,2.0,42.08517135510988,1.4196789036124051,29.644147875990274,smooth_fair_pe_pit_truth_xnys_v5
2015-03-27,BULL,28.76905637780174,2.8393578072248102,29.6945871408387,2.0,42.15677891532891,1.4196789036124051,29.6945871408387,smooth_fair_pe_pit_truth_xnys_v5
2015-03-30,BULL,28.822823296088632,2.8393578072248102,30.778974095332742,2.0,43.69626019797661,1.4196789036124051,30.778974095332742,smooth_fair_pe_pit_truth_xnys_v5
2015-03-31,BULL,28.8753427888918,2.8393578072248102,30.649637859622565,2.0,43.51264427266623,1.4196789036124051,30.649637859622565,smooth_fair_pe_pit_truth_xnys_v5
2015-04-01,BULL,28.926641432560498,2.8393578072248102,29.65463505518863,2.0,42.10005978217619,1.4196789036124051,29.65463505518863,smooth_fair_pe_pit_truth_xnys_v5
2015-04-02,BULL,28.97674535463876,2.8393578072248102,29.45109805976052,2.0,41.81110260366224,1.4196789036124051,29.45109805976052,smooth_fair_pe_pit_truth_xnys_v5
2015-04-06,BULL,29.0256802352898,2.8393578072248102,31.547259108784782,2.0,44.78697822353604,1.4196789036124051,31.547259108784782,smooth_fair_pe_pit_truth_xnys_v5
2015-04-07,BULL,29.073471309108907,2.8393578072248102,31.73481810192757,2.0,45.053251769283634,1.4196789036124051,31.73481810192757,smooth_fair_pe_pit_truth_xnys_v5
2015-04-08,BULL,29.120143367298198,2.9607393220830307,29.943561288686126,2.0,44.32753967530813,1.4803696610415154,29.943561288686126,smooth_fair_pe_pit_truth_xnys_v5
2015-04-09,BULL,29.165720760177862,2.9607393220830307,29.57326740294261,2.0,43.779367841184246,1.4803696610415154,29.57326740294261,smooth_fair_pe_pit_truth_xnys_v5
2015-04-10,BULL,29.210227400009988,2.9607393220830307,29.29709731228789,2.0,43.37053401769192,1.4803696610415154,29.29709731228789,smooth_fair_pe_pit_truth_xnys_v5
2015-04-13,BULL,29.253686764111723,2.9607393220830307,29.52680634068579,2.0,43.71058829419949,1.4803696610415154,29.52680634068579,smooth_fair_pe_pit_truth_xnys_v5
2015-04-14,BULL,29.296121898236056,2.9607393220830307,30.27366021606793,2.0,44.81620811254649,1.4803696610415154,30.27366021606793,smooth_fair_pe_pit_truth_xnys_v5
2015-04-15,BULL,29.33755542019928,2.9607393220830307,30.83546772993597,2.0,45.6478909114219,1.4803696610415154,30.83546772993597,smooth_fair_pe_pit_truth_xnys_v5
2015-04-16,BULL,29.37800952373533,2.9607393220830307,31.0396040045589,2.0,45.95008805909172,1.4803696610415154,31.0396040045589,smooth_fair_pe_pit_truth_xnys_v5
2015-04-17,BULL,29.41750598255824,2.9607393220830307,30.245179018566045,2.0,44.774045411854566,1.4803696610415154,30.245179018566045,smooth_fair_pe_pit_truth_xnys_v5
2015-04-20,BULL,29.45606615461468,2.9607393220830307,29.520328720101197,2.0,43.70099902121032,1.4803696610415154,29.520328720101197,smooth_fair_pe_pit_truth_xnys_v5
2015-04-21,BULL,29.493710986509765,2.9607393220830307,29.83923382862125,2.0,44.17309646861456,1.4803696610415154,29.83923382862125,smooth_fair_pe_pit_truth_xnys_v5
2015-04-22,BULL,29.53046101808989,2.9607393220830307,29.141172895275066,2.0,43.13970824133055,1.4803696610415154,29.141172895275066,smooth_fair_pe_pit_truth_xnys_v5
2015-04-23,BULL,29.566336387167503,2.9607393220830307,29.081498505439978,2.0,43.05136808507751,1.4803696610415154,29.081498505439978,smooth_fair_pe_pit_truth_xnys_v5
2015-04-24,BULL,29.601356834373117,2.9607393220830307,29.304840702585228,2.0,43.3819970977617,1.4803696610415154,29.304840702585228,smooth_fair_pe_pit_truth_xnys_v5
2015-04-27,BULL,29.63554170812118,2.9607393220830307,28.76140103561363,2.0,42.57750550217044,1.4803696610415154,28.76140103561363,smooth_fair_pe_pit_truth_xnys_v5
2015-04-28,BULL,29.66890996967673,2.9607393220830307,28.31861190045535,2.0,41.92201390024331,1.4803696610415154,28.31861190045535,smooth_fair_pe_pit_truth_xnys_v5
2015-04-29,BULL,29.70148019831056,2.9607393220830307,28.380919986379563,2.0,42.01425290028308,1.4803696610415154,28.380919986379563,smooth_fair_pe_pit_truth_xnys_v5
2015-04-30,BULL,29.733270596531572,2.9607393220830307,28.74837772903978,2.0,42.55822619423207,1.4803696610415154,28.74837772903978,smooth_fair_pe_pit_truth_xnys_v5
2015-05-01,BULL,29.76429899538524,2.9607393220830307,29.392890016304428,2.0,43.51234263046712,1.4803696610415154,29.392890016304428,smooth_fair_pe_pit_truth_xnys_v5
2015-05-04,BULL,29.794582859808063,2.9607393220830307,29.76848013795253,2.0,44.06835485154187,1.4803696610415154,29.76848013795253,smooth_fair_pe_pit_truth_xnys_v5
2015-05-05,BULL,29.8241392940284,2.9607393220830307,29.83911278940318,2.0,44.17291728582833,1.4803696610415154,29.83911278940318,smooth_fair_pe_pit_truth_xnys_v5
2015-05-06,BULL,29.852985047004506,2.9607393220830307,29.46859583779553,2.0,43.624415231766775,1.4803696610415154,29.46859583779553,smooth_fair_pe_pit_truth_xnys_v5
2015-05-07,SIDEWAYS,29.65898369353473,2.9607393220830307,28.74048161835201,2.0,42.54653703152967,1.4803696610415154,28.74048161835201,smooth_fair_pe_pit_truth_xnys_v5
2015-05-08,SIDEWAYS,29.471046285424656,2.9607393220830307,28.350412640119536,2.0,41.96909075044085,1.4803696610415154,28.350412640119536,smooth_fair_pe_pit_truth_xnys_v5
2015-05-11,SIDEWAYS,29.2889539731187,2.9607393220830307,28.450011835127565,2.0,42.11653437699489,1.4803696610415154,28.450011835127565,smooth_fair_pe_pit_truth_xnys_v5
2015-05-12,SIDEWAYS,29.112497276204277,2.9607393220830307,28.500128890935542,2.0,42.19072614591375,1.4803696610415154,28.500128890935542,smooth_fair_pe_pit_truth_xnys_v5
2015-05-13,SIDEWAYS,28.94147561016928,2.9607393220830307,27.3165863628685,2.0,40.43864569481092,1.4803696610415154,27.3165863628685,smooth_fair_pe_pit_truth_xnys_v5
2015-05-14,BEAR,28.559057876082427,2.9607393220830307,26.669410356036625,2.0,39.48058596894302,1.4803696610415154,26.669410356036625,smooth_fair_pe_pit_truth_xnys_v5
2015-05-15,BEAR,28.191066282549748,2.9607393220830307,27.01350051416952,2.0,39.98996659970593,1.4803696610415154,27.01350051416952,smooth_fair_pe_pit_truth_xnys_v5
2015-05-18,BEAR,27.83684031607945,2.9607393220830307,26.780605186580583,2.0,39.645195422544944,1.4803696610415154,26.780605186580583,smooth_fair_pe_pit_truth_xnys_v5
2015-05-19,BEAR,27.495755845392527,2.9607393220830307,25.84621185867002,2.0,38.26194788842653,1.4803696610415154,25.84621185867002,smooth_fair_pe_pit_truth_xnys_v5
2015-05-20,SIDEWAYS,27.373303777980485,2.9607393220830307,26.94553075668339,2.0,39.88934623285512,1.4803696610415154,26.94553075668339,smooth_fair_pe_pit_truth_xnys_v5
2015-05-21,SIDEWAYS,27.254438090996764,2.9607393220830307,26.839902892470707,2.0,39.73297794731405,1.4803696610415154,26.839902892470707,smooth_fair_pe_pit_truth_xnys_v5
2015-05-22,SIDEWAYS,27.139041031146643,2.9607393220830307,26.93655408780949,2.0,39.87605744459699,1.4803696610415154,26.93655408780949,smooth_fair_pe_pit_truth_xnys_v5
2015-05-26,SIDEWAYS,27.026999343288747,2.9607393220830307,27.03110025023715,2.0,40.01602071502279,1.4803696610415154,27.03110025023715,smooth_fair_pe_pit_truth_xnys_v5
2015-05-27,SIDEWAYS,26.91820406814498,2.9607393220830307,26.744495844979188,2.0,39.59174024875806,1.4803696610415154,26.744495844979188,smooth_fair_pe_pit_truth_xnys_v5
2015-05-28,SIDEWAYS,26.81255035054815,2.9607393220830307,26.303133977841085,2.0,38.938361531106175,1.4803696610415154,26.303133977841085,smooth_fair_pe_pit_truth_xnys_v5
2015-05-29,SIDEWAYS,26.70993725760776,2.9607393220830307,27.253849216763832,2.0,40.34577152709724,1.4803696610415154,27.253849216763832,smooth_fair_pe_pit_truth_xnys_v5
2015-06-01,SIDEWAYS,26.610267606215068,2.9607393220830307,27.613489147872556,2.0,40.878171570009656,1.4803696610415154,27.613489147872556,smooth_fair_pe_pit_truth_xnys_v5
2015-06-02,SIDEWAYS,26.51344779934552,2.9607393220830307,27.861164119816205,2.0,41.24482208427435,1.4803696610415154,27.861164119816205,smooth_fair_pe_pit_truth_xnys_v5
2015-06-03,SIDEWAYS,26.419387670651524,2.9607393220830307,27.96847855763723,2.0,41.40368712221632,1.4803696610415154,27.96847855763723,smooth_fair_pe_pit_truth_xnys_v5
2015-06-04,SIDEWAYS,26.328000336870943,2.9607393220830307,27.27947260855847,2.0,40.38370361892301,1.4803696610415154,27.27947260855847,smooth_fair_pe_pit_truth_xnys_v5
2015-06-05,SIDEWAYS,26.23920205760661,2.9607393220830307,27.760703705717667,2.0,41.0961035351072,1.4803696610415154,27.760703705717667,smooth_fair_pe_pit_truth_xnys_v5
2015-06-08,SIDEWAYS,26.152912102060203,2.9607393220830307,27.16064560389964,2.0,40.207795726313634,1.4803696610415154,27.16064560389964,smooth_fair_pe_pit_truth_xnys_v5
2015-06-09,SIDEWAYS,26.06905262232989,2.9607393220830307,27.1502991653433,2.0,40.192479172575,1.4803696610415154,27.1502991653433,smooth_fair_pe_pit_truth_xnys_v5
2015-06-10,SIDEWAYS,25.987548532905542,2.9607393220830307,26.214411834304304,2.0,38.80701996155175,1.4803696610415154,26.214411834304304,smooth_fair_pe_pit_truth_xnys_v5
2015-06-11,BULL,26.102386914875463,2.9607393220830307,25.367316761767903,2.0,37.5530061161511,1.4803696610415154,25.367316761767903,smooth_fair_pe_pit_truth_xnys_v5
2015-06-12,BULL,26.214842916031664,2.9607393220830307,25.666939577783904,2.0,37.99655864273701,1.4803696610415154,25.666939577783904,smooth_fair_pe_pit_truth_xnys_v5
2015-06-15,BULL,26.324953973707466,2.9607393220830307,25.43430454490995,2.0,37.65217279797501,1.4803696610415154,25.43430454490995,smooth_fair_pe_pit_truth_xnys_v5
2015-06-16,BULL,26.432757543097104,2.9607393220830307,24.69116963342828,2.0,36.552058420956776,1.4803696610415154,24.69116963342828,smooth_fair_pe_pit_truth_xnys_v5
2015-06-17,BULL,26.538291059114503,2.9607393220830307,25.134734337284097,2.0,37.2086981512538,1.4803696610415154,25.134734337284097,smooth_fair_pe_pit_truth_xnys_v5
2015-06-18,BULL,26.641591900446144,2.9607393220830307,26.29969705341644,2.0,38.93327361246064,1.4803696610415154,26.29969705341644,smooth_fair_pe_pit_truth_xnys_v5
2015-06-19,BULL,26.742697355721297,2.9607393220830307,27.08912391511773,2.0,40.10191718813445,1.4803696610415154,27.08912391511773,smooth_fair_pe_pit_truth_xnys_v5
2015-06-22,BULL,26.84164459172362,2.9607393220830307,27.04281864078547,2.0,40.03336826486676,1.4803696610415154,27.04281864078547,smooth_fair_pe_pit_truth_xnys_v5
2015-06-23,BULL,26.938470623568676,2.9607393220830307,27.13253340095877,2.0,40.16617927397493,1.4803696610415154,27.13253340095877,smooth_fair_pe_pit_truth_xnys_v5
2015-06-24,BULL,27.033212286773196,2.9607393220830307,27.65460676256973,2.0,40.93904083934175,1.4803696610415154,27.65460676256973,smooth_fair_pe_pit_truth_xnys_v5
2015-06-25,BULL,27.12590621114292,2.9607393220830307,28.27703767722916,2.0,41.86046868149789,1.4803696610415154,28.27703767722916,smooth_fair_pe_pit_truth_xnys_v5
2015-06-26,BULL,27.21658879640696,2.9607393220830307,28.126445099581897,2.0,41.63753599837084,1.4803696610415154,28.126445099581897,smooth_fair_pe_pit_truth_xnys_v5
2015-06-29,BULL,27.30529618952819,2.9607393220830307,28.17982900577336,2.0,41.71656391348457,1.4803696610415154,28.17982900577336,smooth_fair_pe_pit_truth_xnys_v5
2015-06-30,BULL,27.39206426362044,2.9607393220830307,28.3690460444331,2.0,41.99667507686857,1.4803696610415154,28.3690460444331,smooth_fair_pe_pit_truth_xnys_v5
2015-07-01,BULL,27.47692859840481,2.9607393220830307,28.68169247516239,2.0,42.45950736755313,1.4803696610415154,28.68169247516239,smooth_fair_pe_pit_truth_xnys_v5
2015-07-02,BULL,27.559924462139072,2.9607393220830307,28.62570021356685,2.0,42.376618122234,1.4803696610415154,28.62570021356685,smooth_fair_pe_pit_truth_xnys_v5
2015-07-06,BULL,27.64108679495545,2.9607393220830307,29.523827521693885,2.0,43.70617854093814,1.4803696610415154,29.523827521693885,smooth_fair_pe_pit_truth_xnys_v5
2015-07-07,BULL,27.72045019354425,2.9607393220830307,30.29223714938116,2.0,44.84370884101858,1.4803696610415154,30.29223714938116,smooth_fair_pe_pit_truth_xnys_v5
2015-07-08,BULL,27.79804889712197,3.058208202935951,29.95475982494711,2.0,45.80394610681476,1.5291041014679756,29.95475982494711,smooth_fair_pe_pit_truth_xnys_v5
2015-07-09,BULL,27.87391677462453,3.058208202935951,30.160219411518398,2.0,46.11811520332683,1.5291041014679756,30.160219411518398,smooth_fair_pe_pit_truth_xnys_v5
2015-07-10,BULL,27.94808731306804,3.058208202935951,31.043679541956887,2.0,47.46901771226376,1.5291041014679756,31.043679541956887,smooth_fair_pe_pit_truth_xnys_v5
2015-07-13,BULL,28.02059360702097,3.058208202935951,30.714270372750143,2.0,46.96531680056857,1.5291041014679756,30.714270372750143,smooth_fair_pe_pit_truth_xnys_v5
2015-07-14,BULL,28.091468349133745,3.058208202935951,31.53064182614049,2.0,48.21363373826912,1.5291041014679756,31.53064182614049,smooth_fair_pe_pit_truth_xnys_v5
2015-07-15,BULL,28.16074382167319,3.058208202935951,31.698155867843727,2.0,48.46978014649102,1.5291041014679756,31.698155867843727,smooth_fair_pe_pit_truth_xnys_v5
2015-07-16,BULL,28.228451889011204,3.058208202935951,33.46294334550064,2.0,51.16832391679553,1.5291041014679756,33.46294334550064,smooth_fair_pe_pit_truth_xnys_v5
2015-07-17,BULL,28.2946239910186,3.058208202935951,32.49573687974885,2.0,49.689364543048114,1.5291041014679756,32.49573687974885,smooth_fair_pe_pit_truth_xnys_v5
2015-07-20,BULL,28.359291137316944,3.058208202935951,31.902275918772133,2.0,48.781900953557496,1.5291041014679756,31.902275918772133,smooth_fair_pe_pit_truth_xnys_v5
2015-07-21,BULL,28.422483902342805,3.058208202935951,31.98855450939828,2.0,48.91382990035281,1.5291041014679756,31.98855450939828,smooth_fair_pe_pit_truth_xnys_v5
2015-07-22,BULL,28.484232421180465,3.058208202935951,32.059921172298914,2.0,49.022956957302256,1.5291041014679756,32.059921172298914,smooth_fair_pe_pit_truth_xnys_v5
2015-07-23,BULL,28.544566386120906,3.058208202935951,33.0403566454284,2.0,50.522144860489256,1.5291041014679756,33.0403566454284,smooth_fair_pe_pit_truth_xnys_v5
2015-07-24,BULL,28.60351504390633,3.058208202935951,32.42683190010361,2.0,49.58400165606101,1.5291041014679756,32.42683190010361,smooth_fair_pe_pit_truth_xnys_v5
2015-07-27,BULL,28.661107193621287,3.058208202935951,32.77804074064044,2.0,50.1210365345977,1.5291041014679756,32.77804074064044,smooth_fair_pe_pit_truth_xnys_v5
2015-07-28,BULL,28.717371185192743,3.058208202935951,33.26784199539502,2.0,50.86999364214708,1.5291041014679756,33.26784199539502,smooth_fair_pe_pit_truth_xnys_v5
2015-07-29,BEAR,28.343422306808318,3.058208202935951,32.96156952255392,2.0,50.40167114775903,1.5291041014679756,32.96156952255392,smooth_fair_pe_pit_truth_xnys_v5
2015-07-30,BEAR,27.98351102684881,3.058208202935951,31.696555240734725,2.0,48.467332621013725,1.5291041014679756,31.696555240734725,smooth_fair_pe_pit_truth_xnys_v5
2015-07-31,BEAR,27.636998276406786,3.058208202935951,31.868308744748568,2.0,48.72996160844279,1.5291041014679756,31.868308744748568,smooth_fair_pe_pit_truth_xnys_v5
2015-08-03,BEAR,27.303279988891536,3.058208202935951,31.913973582659796,2.0,48.79978789938571,1.5291041014679756,31.913973582659796,smooth_fair_pe_pit_truth_xnys_v5
2015-08-04,BEAR,26.981784863787432,3.058208202935951,31.58332887658937,2.0,48.29419772320475,1.5291041014679756,31.58332887658937,smooth_fair_pe_pit_truth_xnys_v5
2015-08-05,BEAR,26.671972292149885,3.058208202935951,31.041062086443688,2.0,47.46501535030312,1.5291041014679756,31.041062086443688,smooth_fair_pe_pit_truth_xnys_v5
2015-08-06,BEAR,26.3733304308707,3.058208202935951,30.53944111666584,2.0,46.69798466803346,1.5291041014679756,30.53944111666584,smooth_fair_pe_pit_truth_xnys_v5
2015-08-07,BEAR,26.085374413881272,3.058208202935951,29.89894854461756,2.0,45.718604849154666,1.5291041014679756,29.89894854461756,smooth_fair_pe_pit_truth_xnys_v5
2015-08-10,BEAR,25.80764468949053,3.058208202935951,29.679794632079847,2.0,45.3834957026405,1.5291041014679756,29.679794632079847,smooth_fair_pe_pit_truth_xnys_v5
2015-08-11,BEAR,25.53970547398665,3.058208202935951,29.142650272678846,2.0,44.56214605960004,1.5291041014679756,29.142650272678846,smooth_fair_pe_pit_truth_xnys_v5
2015-08-12,BEAR,25.281143312476583,3.058208202935951,28.18628935689994,2.0,43.099770660798846,1.5291041014679756,28.18628935689994,smooth_fair_pe_pit_truth_xnys_v5
2015-08-13,BEAR,25.03156573870399,3.058208202935951,27.20806042310042,2.0,41.60395678595136,1.5291041014679756,27.20806042310042,smooth_fair_pe_pit_truth_xnys_v5
2015-08-14,BEAR,24.79060002628248,3.058208202935951,26.451185334055783,2.0,40.44661598299427,1.5291041014679756,26.451185334055783,smooth_fair_pe_pit_truth_xnys_v5
2015-08-17,BEAR,24.557892024413704,3.058208202935951,26.205724686315847,2.0,40.07128109978614,1.5291041014679756,26.205724686315847,smooth_fair_pe_pit_truth_xnys_v5
2015-08-18,BEAR,24.33310507173521,3.058208202935951,25.852324154791997,2.0,39.53089489757205,1.5291041014679756,25.852324154791997,smooth_fair_pe_pit_truth_xnys_v5
2015-08-19,BEAR,24.115918982466447,3.058208202935951,25.627790259650723,2.0,39.18755919759296,1.5291041014679756,25.627790259650723,smooth_fair_pe_pit_truth_xnys_v5
2015-08-20,BEAR,23.90602909949831,3.058208202935951,25.541438595566795,2.0,39.05551851387364,1.5291041014679756,25.541438595566795,smooth_fair_pe_pit_truth_xnys_v5
2015-08-21,BEAR,23.703145409506263,3.058208202935951,24.94110328174724,2.0,38.1375433232561,1.5291041014679756,24.94110328174724,smooth_fair_pe_pit_truth_xnys_v5
2015-08-24,BEAR,23.506991715563263,3.058208202935951,25.31848178140409,2.0,38.71459433488722,1.5291041014679756,25.31848178140409,smooth_fair_pe_pit_truth_xnys_v5
2015-08-25,BEAR,23.317304863090477,3.058208202935951,24.882370017775557,2.0,38.04773404842438,1.5291041014679756,24.882370017775557,smooth_fair_pe_pit_truth_xnys_v5
2015-08-26,BEAR,23.13383401531443,3.058208202935951,24.399446565083657,2.0,37.30929381621813,1.5291041014679756,24.399446565083657,smooth_fair_pe_pit_truth_xnys_v5
2015-08-27,BULL,23.303731465608458,3.058208202935951,24.713874916226093,2.0,37.79008749756784,1.5291041014679756,24.713874916226093,smooth_fair_pe_pit_truth_xnys_v5
2015-08-28,BULL,23.470582751487147,3.058208202935951,23.9967139652426,2.0,36.69347374600631,1.5291041014679756,23.9967139652426,smooth_fair_pe_pit_truth_xnys_v5
2015-08-31,BULL,23.634412892028504,3.058208202935951,23.79113715970609,2.0,36.37912540949375,1.5291041014679756,23.79113715970609,smooth_fair_pe_pit_truth_xnys_v5
2015-09-01,BULL,23.795248261102163,3.058208202935951,24.370124101109003,2.0,37.26445671628934,1.5291041014679756,24.370124101109003,smooth_fair_pe_pit_truth_xnys_v5
2015-09-02,BULL,23.953116490726288,3.058208202935951,23.742449747277757,2.0,36.30467728745971,1.5291041014679756,23.742449747277757,smooth_fair_pe_pit_truth_xnys_v5
2015-09-03,BULL,24.10804637780642,3.058208202935951,24.39451132145009,2.0,37.30174731493629,1.5291041014679756,24.39451132145009,smooth_fair_pe_pit_truth_xnys_v5
2015-09-04,BULL,24.26006779424316,3.058208202935951,25.2073572902349,2.0,38.54467341966686,1.5291041014679756,25.2073572902349,smooth_fair_pe_pit_truth_xnys_v5
2015-09-08,BULL,24.40921160038687,3.058208202935951,25.136383712618585,2.0,38.436147431037895,1.5291041014679756,25.136383712618585,smooth_fair_pe_pit_truth_xnys_v5
2015-09-09,BULL,24.55550956180964,3.058208202935951,25.375478554375967,2.0,38.80174833420895,1.5291041014679756,25.375478554375967,smooth_fair_pe_pit_truth_xnys_v5
2015-09-10,BULL,24.698994269357208,3.058208202935951,25.991831487754244,2.0,39.744216132589486,1.5291041014679756,25.991831487754244,smooth_fair_pe_pit_truth_xnys_v5
2015-09-11,BULL,24.83969906243765,3.058208202935951,25.84196030685217,2.0,39.51504749518028,1.5291041014679756,25.84196030685217,smooth_fair_pe_pit_truth_xnys_v5
2015-09-14,BULL,24.97765795549717,3.058208202935951,26.331994385786988,2.0,40.26436061513859,1.5291041014679756,26.331994385786988,smooth_fair_pe_pit_truth_xnys_v5
2015-09-15,BULL,25.112905567628943,3.058208202935951,26.073930825647302,2.0,39.869754566889576,1.5291041014679756,26.073930825647302,smooth_fair_pe_pit_truth_xnys_v5
2015-09-16,BULL,25.245477055255865,3.058208202935951,25.928714981096583,2.0,39.64770442338893,1.5291041014679756,25.928714981096583,smooth_fair_pe_pit_truth_xnys_v5
2015-09-17,BULL,25.375408047824727,3.058208202935951,25.648734876433046,2.0,39.21958569701848,1.5291041014679756,25.648734876433046,smooth_fair_pe_pit_truth_xnys_v5
2015-09-18,SIDEWAYS,25.313133213224575,3.058208202935951,25.72753749417618,2.0,39.34008310301592,1.5291041014679756,25.72753749417618,smooth_fair_pe_pit_truth_xnys_v5
2015-09-21,SIDEWAYS,25.252562400326926,3.058208202935951,26.181035612166028,2.0,40.0335289352422,1.5291041014679756,26.181035612166028,smooth_fair_pe_pit_truth_xnys_v5
2015-09-22,SIDEWAYS,25.19364540821577,3.058208202935951,25.97719370215865,2.0,39.721833434598864,1.5291041014679756,25.97719370215865,smooth_fair_pe_pit_truth_xnys_v5
2015-09-23,SIDEWAYS,25.136333691487508,3.058208202935951,25.28525531352318,2.0,38.663787606573216,1.5291041014679756,25.28525531352318,smooth_fair_pe_pit_truth_xnys_v5
2015-09-24,SIDEWAYS,25.080580297172084,3.058208202935951,24.733479744679336,2.0,37.82006532116427,1.5291041014679756,24.733479744679336,smooth_fair_pe_pit_truth_xnys_v5
2015-09-25,SIDEWAYS,25.0263398044494,3.058208202935951,24.876703026269546,2.0,38.03906862846956,1.5291041014679756,24.876703026269546,smooth_fair_pe_pit_truth_xnys_v5
2015-09-28,SIDEWAYS,24.97356826701961,3.058208202935951,25.67132988330553,2.0,39.25413581469989,1.5291041014679756,25.67132988330553,smooth_fair_pe_pit_truth_xnys_v5
2015-09-29,SIDEWAYS,24.92222315799357,3.058208202935951,25.758131088084635,2.0,39.38686389293999,1.5291041014679756,25.758131088084635,smooth_fair_pe_pit_truth_xnys_v5
2015-09-30,SIDEWAYS,24.87226331717753,3.058208202935951,25.47761289466732,2.0,38.957922372849175,1.5291041014679756,25.47761289466732,smooth_fair_pe_pit_truth_xnys_v5
2015-10-01,SIDEWAYS,24.823648900632985,3.058208202935951,25.74375731369353,2.0,39.36488489556497,1.5291041014679756,25.74375731369353,smooth_fair_pe_pit_truth_xnys_v5
2015-10-02,SIDEWAYS,24.776341332399337,3.058208202935951,25.912742877467625,2.0,39.62328141422082,1.5291041014679756,25.912742877467625,smooth_fair_pe_pit_truth_xnys_v5
2015-10-05,SIDEWAYS,24.730303258273164,3.058208202935951,25.64303002600484,2.0,39.21086238683045,1.5291041014679756,25.64303002600484,smooth_fair_pe_pit_truth_xnys_v5
2015-10-06,SIDEWAYS,24.685498501543584,3.1042562065556685,24.753907577540065,2.0,38.42123561704207,1.5521281032778342,24.753907577540065,smooth_fair_pe_pit_truth_xnys_v5
2015-10-07,SIDEWAYS,24.64189202058904,3.1042562065556685,25.340435230335363,2.0,39.33160167029524,1.5521281032778342,25.340435230335363,smooth_fair_pe_pit_truth_xnys_v5
2015-10-08,SIDEWAYS,24.59944986824553,3.1042562065556685,24.12610765932222,2.0,37.44680972074063,1.5521281032778342,24.12610765932222,smooth_fair_pe_pit_truth_xnys_v5
2015-10-09,SIDEWAYS,24.558139152861568,3.1042562065556685,24.462493077298515,2.0,37.968922981514496,1.5521281032778342,24.462493077298515,smooth_fair_pe_pit_truth_xnys_v5
2015-10-12,SIDEWAYS,24.5179280009594,3.1042562065556685,24.22509428733809,2.0,37.60044964793278,1.5521281032778342,24.22509428733809,smooth_fair_pe_pit_truth_xnys_v5
2015-10-13,SIDEWAYS,24.478785521426428,3.1042562065556685,24.02574804150779,2.0,37.29103873749663,1.5521281032778342,24.02574804150779,smooth_fair_pe_pit_truth_xnys_v5
2015-10-14,SIDEWAYS,24.440681771164897,3.1042562065556685,24.758052576164125,2.0,38.42766918589452,1.5521281032778342,24.758052576164125,smooth_fair_pe_pit_truth_xnys_v5
2015-10-15,SIDEWAYS,24.403587722131544,3.1042562065556685,24.385860019523783,2.0,37.84997865890222,1.5521281032778342,24.385860019523783,smooth_fair_pe_pit_truth_xnys_v5
2015-10-16,SIDEWAYS,24.36747522970261,3.1042562065556685,24.0545679894796,2.0,37.33577098867868,1.5521281032778342,24.0545679894796,smooth_fair_pe_pit_truth_xnys_v5
2015-10-19,SIDEWAYS,24.332317002302915,3.1042562065556685,23.982140415761208,2.0,37.22335411605813,1.5521281032778342,23.982140415761208,smooth_fair_pe_pit_truth_xnys_v5
2015-10-20,SIDEWAYS,24.29808657224101,3.1042562065556685,24.148460642411283,2.0,37.481504413985256,1.5521281032778342,24.148460642411283,smooth_fair_pe_pit_truth_xnys_v5
2015-10-21,SIDEWAYS,24.26475826769517,3.1042562065556685,23.933167678799663,2.0,37.147342154725685,1.5521281032778342,23.933167678799663,smooth_fair_pe_pit_truth_xnys_v5
2015-10-22,SIDEWAYS,24.232307185798124,3.1042562065556685,23.252743388626524,2.0,36.09123649179509,1.5521281032778342,23.252743388626524,smooth_fair_pe_pit_truth_xnys_v5
2015-10-23,SIDEWAYS,24.200709166770856,3.1042562065556685,22.920038176247317,2.0,35.574835381554294,1.5521281032778342,22.920038176247317,smooth_fair_pe_pit_truth_xnys_v5
2015-10-26,SIDEWAYS,24.16994076905846,3.1042562065556685,23.50153167396401,2.0,36.4773877812337,1.5521281032778342,23.50153167396401,smooth_fair_pe_pit_truth_xnys_v5
2015-10-27,SIDEWAYS,24.139979245423312,3.1042562065556685,23.543595719056,2.0,36.54267656775853,1.5521281032778342,23.543595719056,smooth_fair_pe_pit_truth_xnys_v5
2015-10-28,BULL,24.291398151032737,3.1042562065556685,23.92029562225752,2.0,37.12736307401964,1.5521281032778342,23.92029562225752,smooth_fair_pe_pit_truth_xnys_v5
2015-10-29,BULL,24.439945996952662,3.1042562065556685,23.97572906005572,2.0,37.21340287068754,1.5521281032778342,23.97572906005572,smooth_fair_pe_pit_truth_xnys_v5
2015-10-30,BULL,24.58565472729896,3.1042562065556685,23.86149069986784,2.0,37.03609030136754,1.5521281032778342,23.86149069986784,smooth_fair_pe_pit_truth_xnys_v5
2015-11-02,BULL,24.72855709520271,3.1042562065556685,24.780364312772768,2.0,38.46229985931773,1.5521281032778342,24.780364312772768,smooth_fair_pe_pit_truth_xnys_v5
2015-11-03,BULL,24.868686586767478,3.1042562065556685,24.83339365213001,2.0,38.54460818723236,1.5521281032778342,24.83339365213001,smooth_fair_pe_pit_truth_xnys_v5
2015-11-04,BULL,25.00607734820301,3.1042562065556685,24.774211730729757,2.0,38.452750263821045,1.5521281032778342,24.774211730729757,smooth_fair_pe_pit_truth_xnys_v5
2015-11-05,BULL,25.14076411607991,3.1042562065556685,25.41817503404376,2.0,39.45226380437433,1.5521281032778342,25.41817503404376,smooth_fair_pe_pit_truth_xnys_v5
2015-11-06,BULL,25.272782150645508,3.1042562065556685,25.204964194766987,2.0,39.12133326880941,1.5521281032778342,25.204964194766987,smooth_fair_pe_pit_truth_xnys_v5
2015-11-09,BULL,25.40216717213758,3.1042562065556685,25.06828690358321,2.0,38.90919260408318,1.5521281032778342,25.06828690358321,smooth_fair_pe_pit_truth_xnys_v5
2015-11-10,BULL,25.528955300029125,3.1042562065556685,25.21806720779769,2.0,39.14167082357198,1.5521281032778342,25.21806720779769,smooth_fair_pe_pit_truth_xnys_v5
2015-11-11,BULL,25.653182995134703,3.1042562065556685,25.35954167704745,2.0,39.36125732319084,1.5521281032778342,25.35954167704745,smooth_fair_pe_pit_truth_xnys_v5
2015-11-12,BULL,25.774887004506656,3.1042562065556685,25.616887595826874,2.0,39.76069115599225,1.5521281032778342,25.616887595826874,smooth_fair_pe_pit_truth_xnys_v5
2015-11-13,BULL,25.89410430904761,3.1042562065556685,26.73264408986999,2.0,41.49248816681131,1.5521281032778342,26.73264408986999,smooth_fair_pe_pit_truth_xnys_v5
2015-11-16,BULL,26.01087207376415,3.1042562065556685,26.964602880762232,2.0,41.85251792495751,1.5521281032778342,26.964602880762232,smooth_fair_pe_pit_truth_xnys_v5
2015-11-17,BULL,26.125227600585667,3.1042562065556685,25.89231538555553,2.0,40.1881903688538,1.5521281032778342,25.89231538555553,smooth_fair_pe_pit_truth_xnys_v5
2015-11-18,BULL,26.23720828367125,3.1042562065556685,26.170532367716064,2.0,40.6200187656743,1.5521281032778342,26.170532367716064,smooth_fair_pe_pit_truth_xnys_v5
2015-11-19,BULL,26.34685156712753,3.1042562065556685,26.301837017455014,2.0,40.82382040262519,1.5521281032778342,26.301837017455014,smooth_fair_pe_pit_truth_xnys_v5
2015-11-20,BULL,26.454194905059644,3.1042562065556685,26.432371340629583,2.0,41.02642639406678,1.5521281032778342,26.432371340629583,smooth_fair_pe_pit_truth_xnys_v5
2015-11-23,BULL,26.559275723878173,3.1042562065556685,26.65642812776323,2.0,41.37419123010705,1.5521281032778342,26.65642812776323,smooth_fair_pe_pit_truth_xnys_v5
2015-11-24,BULL,26.66213138678461,3.1042562065556685,26.739991272737264,2.0,41.50389193581953,1.5521281032778342,26.739991272737264,smooth_fair_pe_pit_truth_xnys_v5
2015-11-25,BULL,26.76279916035888,3.1042562065556685,26.81085497968968,2.0,41.61388148688282,1.5521281032778342,26.81085497968968,smooth_fair_pe_pit_truth_xnys_v5
2015-11-27,BULL,26.86131618317285,3.1042562065556685,27.20520612273134,2.0,42.22596497855752,1.5521281032778342,27.20520612273134,smooth_fair_pe_pit_truth_xnys_v5
2015-11-30,BULL,26.957719436354925,3.1042562065556685,27.01710361388805,2.0,41.93400578828478,1.5521281032778342,27.01710361388805,smooth_fair_pe_pit_truth_xnys_v5
2015-12-01,BULL,27.05204571603136,3.1042562065556685,26.649561327145037,2.0,41.36353307588794,1.5521281032778342,26.649561327145037,smooth_fair_pe_pit_truth_xnys_v5
2015-12-02,BULL,27.14433160757165,3.1042562065556685,28.261650138258407,2.0,43.865701424596764,1.5521281032778342,28.261650138258407,smooth_fair_pe_pit_truth_xnys_v5
2015-12-03,BULL,27.2346134615661,3.1042562065556685,27.92495002976156,2.0,43.34309972382211,1.5521281032778342,27.92495002976156,smooth_fair_pe_pit_truth_xnys_v5
2015-12-04,BULL,27.322927371465365,3.1042562065556685,28.02392696816994,2.0,43.49672461150215,1.5521281032778342,28.02392696816994,smooth_fair_pe_pit_truth_xnys_v5
2015-12-07,BULL,27.409309152813066,3.1042562065556685,27.324216791893296,2.0,42.41068478275369,1.5521281032778342,27.324216791893296,smooth_fair_pe_pit_truth_xnys_v5
2015-12-08,BULL,27.493794324004025,3.1042562065556685,27.471084396336654,2.0,42.63864211907132,1.5521281032778342,27.471084396336654,smooth_fair_pe_pit_truth_xnys_v5
2015-12-09,BULL,27.576418088502464,3.1042562065556685,27.09600141741036,2.0,42.05646528641864,1.5521281032778342,27.09600141741036,smooth_fair_pe_pit_truth_xnys_v5
2015-12-10,BEAR,27.24492592703332,3.1042562065556685,26.585938629105232,2.0,41.26478249825401,1.5521281032778342,26.585938629105232,smooth_fair_pe_pit_truth_xnys_v5
2015-12-11,BEAR,26.925558089305436,3.1042562065556685,26.812584787675952,2.0,41.61656637047159,1.5521281032778342,26.812584787675952,smooth_fair_pe_pit_truth_xnys_v5
2015-12-14,BEAR,26.617779246023677,3.1042562065556685,26.739001809446187,2.0,41.50235616203829,1.5521281032778342,26.739001809446187,smooth_fair_pe_pit_truth_xnys_v5
2015-12-15,BEAR,26.321082504223632,3.1042562065556685,26.70558796332334,2.0,41.450493592432416,1.5521281032778342,26.70558796332334,smooth_fair_pe_pit_truth_xnys_v5
2015-12-16,BEAR,26.03498764178843,3.1042562065556685,25.56417776275837,2.0,39.67887874276753,1.5521281032778342,25.56417776275837,smooth_fair_pe_pit_truth_xnys_v5
2015-12-17,BEAR,25.759039466269947,3.1042562065556685,26.172138634623977,2.0,40.62251189768344,1.5521281032778342,26.172138634623977,smooth_fair_pe_pit_truth_xnys_v5
2015-12-18,BEAR,25.492806288300635,3.1042562065556685,25.3276750772997,2.0,39.31179627816645,1.5521281032778342,25.3276750772997,smooth_fair_pe_pit_truth_xnys_v5
2015-12-21,BEAR,25.235878500712417,3.1042562065556685,25.781884985222774,2.0,40.01678824104111,1.5521281032778342,25.781884985222774,smooth_fair_pe_pit_truth_xnys_v5
2015-12-22,BEAR,24.98786725523284,3.1042562065556685,25.96888900943585,2.0,40.30704244244826,1.5521281032778342,25.96888900943585,smooth_fair_pe_pit_truth_xnys_v5
2015-12-23,BEAR,24.74840322931284,3.1042562065556685,25.92872110171031,2.0,40.24469670401758,1.5521281032778342,25.92872110171031,smooth_fair_pe_pit_truth_xnys_v5
2015-12-24,BEAR,24.51713547626265,3.1042562065556685,25.223533859920256,2.0,39.150155767962254,1.5521281032778342,25.223533859920256,smooth_fair_pe_pit_truth_xnys_v5
2015-12-28,BEAR,24.29373035243787,3.1042562065556685,25.019306232685828,2.0,38.83316832826595,1.5521281032778342,25.019306232685828,smooth_fair_pe_pit_truth_xnys_v5
2015-12-29,BEAR,24.07787051573281,3.1042562065556685,24.54431596532107,2.0,38.09592258550565,1.5521281032778342,24.54431596532107,smooth_fair_pe_pit_truth_xnys_v5
2015-12-30,BEAR,23.869253990107104,3.1042562065556685,24.316370044055645,2.0,37.74212131508204,1.5521281032778342,24.316370044055645,smooth_fair_pe_pit_truth_xnys_v5
2015-12-31,BEAR,23.667593291299028,3.1042562065556685,23.97601906307181,2.0,37.213852992518845,1.5521281032778342,23.97601906307181,smooth_fair_pe_pit_truth_xnys_v5
2016-01-04,BEAR,23.472614609269076,3.1042562065556685,23.490723620797976,2.0,36.46061229817298,1.5521281032778342,23.490723620797976,smooth_fair_pe_pit_truth_xnys_v5
2016-01-05,BEAR,23.28405704327305,3.1042562065556685,23.81233345204513,2.0,36.95979195554214,1.5521281032778342,23.81233345204513,smooth_fair_pe_pit_truth_xnys_v5
2016-01-06,BEAR,23.10167188578911,3.183781958792872,23.00601832089428,2.0,36.62307303686074,1.591890979396436,23.00601832089428,smooth_fair_pe_pit_truth_xnys_v5
2016-01-07,BEAR,22.925221951820244,3.183781958792872,22.637574134305563,2.0,36.03655005981911,1.591890979396436,22.637574134305563,smooth_fair_pe_pit_truth_xnys_v5
2016-01-08,BEAR,22.75448095036572,3.183781958792872,22.260352806443223,2.0,35.436054830759105,1.591890979396436,22.260352806443223,smooth_fair_pe_pit_truth_xnys_v5
2016-01-11,BEAR,22.589232895103187,3.183781958792872,22.271059214234462,2.0,35.45309826474372,1.591890979396436,22.271059214234462,smooth_fair_pe_pit_truth_xnys_v5
2016-01-12,BEAR,22.4292715515516,3.183781958792872,21.77897483957477,2.0,34.669753587621024,1.591890979396436,21.77897483957477,smooth_fair_pe_pit_truth_xnys_v5
2016-01-13,BEAR,22.27439991819323,3.183781958792872,20.804896313804477,2.0,33.119126769223506,1.591890979396436,20.804896313804477,smooth_fair_pe_pit_truth_xnys_v5
2016-01-14,BEAR,22.12442973922496,3.183781958792872,20.90223431768636,2.0,33.27407825955554,1.591890979396436,20.90223431768636,smooth_fair_pe_pit_truth_xnys_v5
2016-01-15,BEAR,21.979181046784245,3.183781958792872,21.031530562670124,2.0,33.47990378561502,1.591890979396436,21.031530562670124,smooth_fair_pe_pit_truth_xnys_v5
2016-01-19,BEAR,21.838481730656785,3.183781958792872,20.87707591643154,2.0,33.23402882754195,1.591890979396436,20.87707591643154,smooth_fair_pe_pit_truth_xnys_v5
2016-01-20,BEAR,21.702167133620694,3.183781958792872,20.377457536824988,2.0,32.43869083590562,1.591890979396436,20.377457536824988,smooth_fair_pe_pit_truth_xnys_v5
2016-01-21,BEAR,21.57007967071856,3.183781958792872,20.362686009415302,2.0,32.41517617467023,1.591890979396436,20.362686009415302,smooth_fair_pe_pit_truth_xnys_v5
2016-01-22,BEAR,21.442068470873508,3.183781958792872,19.78346254332501,2.0,31.493115563946365,1.591890979396436,19.78346254332501,smooth_fair_pe_pit_truth_xnys_v5
2016-01-25,BEAR,21.31798903938127,3.183781958792872,19.402136385509085,2.0,30.88608589311128,1.591890979396436,19.402136385509085,smooth_fair_pe_pit_truth_xnys_v5
2016-01-26,BEAR,21.19770293991584,3.183781958792872,19.14156707960566,2.0,30.471287965536032,1.591890979396436,19.14156707960566,smooth_fair_pe_pit_truth_xnys_v5
2016-01-27,BEAR,21.08107749478451,3.183781958792872,19.4463230814883,2.0,30.956426295849926,1.591890979396436,19.4463230814883,smooth_fair_pe_pit_truth_xnys_v5
2016-01-28,BEAR,20.967985502257974,3.183781958792872,19.30945781047641,2.0,30.738551705533453,1.591890979396436,19.30945781047641,smooth_fair_pe_pit_truth_xnys_v5
2016-01-29,BEAR,20.85830496988464,3.183781958792872,19.148663883598296,2.0,30.48258530379445,1.591890979396436,19.148663883598296,smooth_fair_pe_pit_truth_xnys_v5
2016-02-01,BEAR,20.751918862774698,3.183781958792872,19.8347428824804,2.0,31.57474827326821,1.591890979396436,19.8347428824804,smooth_fair_pe_pit_truth_xnys_v5
2016-02-02,BEAR,20.64871486591075,3.183781958792872,19.91565287690724,2.0,31.70354816353931,1.591890979396436,19.91565287690724,smooth_fair_pe_pit_truth_xnys_v5
2016-02-03,BEAR,20.54858515960704,3.183781958792872,19.98367583494537,2.0,31.811833296832077,1.591890979396436,19.98367583494537,smooth_fair_pe_pit_truth_xnys_v5
2016-02-04,BEAR,20.451426207299946,3.183781958792872,19.790345770338167,2.0,31.50407291093774,1.591890979396436,19.790345770338167,smooth_fair_pe_pit_truth_xnys_v5
2016-02-05,BEAR,20.35713855490852,3.183781958792872,19.527233146303978,2.0,31.085226298172387,1.591890979396436,19.527233146303978,smooth_fair_pe_pit_truth_xnys_v5
2016-02-08,BEAR,20.26562664105541,3.183781958792872,18.73599582758969,2.0,29.82566274794929,1.591890979396436,18.73599582758969,smooth_fair_pe_pit_truth_xnys_v5
2016-02-09,BEAR,20.1767986174868,3.183781958792872,19.07159143963725,2.0,30.359894375492825,1.591890979396436,19.07159143963725,smooth_fair_pe_pit_truth_xnys_v5
2016-02-10,BEAR,20.090566179074205,3.183781958792872,19.208760528078404,2.0,30.57825261003433,1.591890979396436,19.208760528078404,smooth_fair_pe_pit_truth_xnys_v5
2016-02-11,BEAR,20.006844402822317,3.183781958792872,19.11854055051145,2.0,30.43463224158415,1.591890979396436,19.11854055051145,smooth_fair_pe_pit_truth_xnys_v5
2016-02-12,BEAR,19.92555159534508,3.183781958792872,19.04571072538369,2.0,30.31869509993225,1.591890979396436,19.04571072538369,smooth_fair_pe_pit_truth_xnys_v5
2016-02-16,SIDEWAYS,19.997158542289576,3.183781958792872,19.421670064267342,2.0,30.917181380120983,1.591890979396436,19.421670064267342,smooth_fair_pe_pit_truth_xnys_v5
2016-02-17,SIDEWAYS,20.067223074131608,3.183781958792872,18.9850973171162,2.0,30.22220516208075,1.591890979396436,18.9850973171162,smooth_fair_pe_pit_truth_xnys_v5
2016-02-18,SIDEWAYS,20.135772343550123,3.183781958792872,18.91154580331798,2.0,30.10511917074442,1.591890979396436,18.91154580331798,smooth_fair_pe_pit_truth_xnys_v5
2016-02-19,SIDEWAYS,20.20283332994098,3.183781958792872,18.66047404274649,2.0,29.70544029990948,1.591890979396436,18.66047404274649,smooth_fair_pe_pit_truth_xnys_v5
2016-02-22,SIDEWAYS,20.26843282276319,3.183781958792872,19.419961218734432,2.0,30.91446108433196,1.591890979396436,19.419961218734432,smooth_fair_pe_pit_truth_xnys_v5
2016-02-23,SIDEWAYS,20.33259740606989,3.183781958792872,19.84177959944699,2.0,31.58594995953189,1.591890979396436,19.84177959944699,smooth_fair_pe_pit_truth_xnys_v5
2016-02-24,SIDEWAYS,20.395353444173743,3.183781958792872,19.157402297358967,2.0,30.496495905834298,1.591890979396436,19.157402297358967,smooth_fair_pe_pit_truth_xnys_v5
2016-02-25,SIDEWAYS,20.45672706839814,3.183781958792872,18.76893721559631,2.0,29.878101846365823,1.591890979396436,18.76893721559631,smooth_fair_pe_pit_truth_xnys_v5
2016-02-26,SIDEWAYS,20.516744164866363,3.183781958792872,18.876487113372225,2.0,30.049309558470316,1.591890979396436,18.876487113372225,smooth_fair_pe_pit_truth_xnys_v5
2016-02-29,SIDEWAYS,20.575430363282383,3.183781958792872,18.86425635324188,2.0,30.02983952174765,1.591890979396436,18.86425635324188,smooth_fair_pe_pit_truth_xnys_v5
2016-03-01,SIDEWAYS,20.63281102665803,3.183781958792872,18.56772189330871,2.0,29.55778898989985,1.591890979396436,18.56772189330871,smooth_fair_pe_pit_truth_xnys_v5
2016-03-02,SIDEWAYS,20.688911241942737,3.183781958792872,19.40388251183135,2.0,30.88886553585258,1.591890979396436,19.40388251183135,smooth_fair_pe_pit_truth_xnys_v5
2016-03-03,BEAR,20.587585630648693,3.183781958792872,19.492636179370717,2.0,31.03015169859685,1.591890979396436,19.492636179370717,smooth_fair_pe_pit_truth_xnys_v5
2016-03-04,BEAR,20.48927097520476,3.183781958792872,19.63032713119122,2.0,31.249340682744418,1.591890979396436,19.63032713119122,smooth_fair_pe_pit_truth_xnys_v5
2016-03-07,BEAR,20.39386623995096,3.183781958792872,19.34669774069767,2.0,30.79783361452603,1.591890979396436,19.34669774069767,smooth_fair_pe_pit_truth_xnys_v5
2016-03-08,BEAR,20.301274355279908,3.183781958792872,19.5726837000379,2.0,31.15757862466999,1.591890979396436,19.5726837000379,smooth_fair_pe_pit_truth_xnys_v5
2016-03-09,BEAR,20.21140203412357,3.183781958792872,19.395542721812564,2.0,30.87558949935162,1.591890979396436,19.395542721812564,smooth_fair_pe_pit_truth_xnys_v5
2016-03-10,BEAR,20.124159598259347,3.183781958792872,19.261137871361644,2.0,30.661631630331676,1.591890979396436,19.261137871361644,smooth_fair_pe_pit_truth_xnys_v5
2016-03-11,BEAR,20.039460813843924,3.183781958792872,19.443245237431363,2.0,30.951526703659702,1.591890979396436,19.443245237431363,smooth_fair_pe_pit_truth_xnys_v5
2016-03-14,BEAR,19.957222735622302,3.183781958792872,18.83803064762712,2.0,29.98809105755121,1.591890979396436,18.83803064762712,smooth_fair_pe_pit_truth_xnys_v5
2016-03-15,BEAR,19.877365559296425,3.183781958792872,19.376821690863945,2.0,30.84578765905951,1.591890979396436,19.376821690863945,smooth_fair_pe_pit_truth_xnys_v5
2016-03-16,BEAR,19.79981248157116,3.183781958792872,19.394347081606902,2.0,30.87368617049362,1.591890979396436,19.394347081606902,smooth_fair_pe_pit_truth_xnys_v5
2016-03-17,BEAR,19.72448956742736,3.183781958792872,19.795776435408392,2.0,31.512717937675152,1.591890979396436,19.795776435408392,smooth_fair_pe_pit_truth_xnys_v5
2016-03-18,BEAR,19.65132562420041,3.183781958792872,19.340056278663244,2.0,30.787261131023424,1.591890979396436,19.340056278663244,smooth_fair_pe_pit_truth_xnys_v5
2016-03-21,BEAR,19.58025208207036,3.183781958792872,18.97070837825434,2.0,30.199299540103475,1.591890979396436,18.97070837825434,smooth_fair_pe_pit_truth_xnys_v5
2016-03-22,BULL,19.806460132645917,3.183781958792872,18.828394700146028,2.0,29.97275167967813,1.591890979396436,18.828394700146028,smooth_fair_pe_pit_truth_xnys_v5
2016-03-23,BEAR,19.73094634320811,3.183781958792872,18.89864258659443,2.0,30.084578656437003,1.591890979396436,18.89864258659443,smooth_fair_pe_pit_truth_xnys_v5
2016-03-24,BEAR,19.657597603593768,3.183781958792872,18.8995727447423,2.0,30.086059366802008,1.591890979396436,18.8995727447423,smooth_fair_pe_pit_truth_xnys_v5
2016-03-28,BULL,19.88273947802417,3.183781958792872,19.00168122898474,2.0,30.24860494178739,1.591890979396436,19.00168122898474,smooth_fair_pe_pit_truth_xnys_v5
2016-03-29,BULL,20.10473526698632,3.183781958792872,18.917682519145902,2.0,30.114888153314013,1.591890979396436,18.917682519145902,smooth_fair_pe_pit_truth_xnys_v5
2016-03-30,BULL,20.3235674042694,3.183781958792872,18.76091335971403,2.0,29.86532874256685,1.591890979396436,18.76091335971403,smooth_fair_pe_pit_truth_xnys_v5
2016-03-31,BULL,20.539221855469783,3.183781958792872,19.03460050096393,2.0,30.30100883389936,1.591890979396436,19.03460050096393,smooth_fair_pe_pit_truth_xnys_v5
2016-04-01,BULL,20.751687974981092,3.183781958792872,19.158256799172367,2.0,30.497856179562927,1.591890979396436,19.158256799172367,smooth_fair_pe_pit_truth_xnys_v5
2016-04-04,BULL,20.960958364047656,3.183781958792872,19.20595678000204,2.0,30.57378934876306,1.591890979396436,19.20595678000204,smooth_fair_pe_pit_truth_xnys_v5
2016-04-05,BULL,21.167028730202997,3.183781958792872,20.558743582689377,2.0,32.727278457007586,1.591890979396436,20.558743582689377,smooth_fair_pe_pit_truth_xnys_v5
2016-04-06,BULL,21.36989774838544,3.183781958792872,20.792739229886312,2.0,33.09977401699842,1.591890979396436,20.792739229886312,smooth_fair_pe_pit_truth_xnys_v5
2016-04-07,BULL,21.569566923994444,3.2649956061217686,21.004362902841923,2.0,34.289576293582975,1.6324978030608843,21.004362902841923,smooth_fair_pe_pit_truth_xnys_v5
2016-04-08,BULL,21.766040458123967,3.2649956061217686,21.026686616824545,2.0,34.32601970761577,1.6324978030608843,21.026686616824545,smooth_fair_pe_pit_truth_xnys_v5
2016-04-11,BULL,21.95932511518362,3.2649956061217686,21.35130398408394,2.0,34.85595684650214,1.6324978030608843,21.35130398408394,smooth_fair_pe_pit_truth_xnys_v5
2016-04-12,BULL,22.149430093093915,3.2649956061217686,21.550927891562683,2.0,35.181842436899615,1.6324978030608843,21.550927891562683,smooth_fair_pe_pit_truth_xnys_v5
2016-04-13,BULL,22.33636689621898,3.2649956061217686,21.113436340802004,2.0,34.46763844142511,1.6324978030608843,21.113436340802004,smooth_fair_pe_pit_truth_xnys_v5
2016-04-14,SIDEWAYS,22.352722020140916,3.2649956061217686,21.752529804022704,2.0,35.510957116083475,1.6324978030608843,21.752529804022704,smooth_fair_pe_pit_truth_xnys_v5
2016-04-15,SIDEWAYS,22.368679796095066,3.2649956061217686,21.75065852100285,2.0,35.50790225066466,1.6324978030608843,21.75065852100285,smooth_fair_pe_pit_truth_xnys_v5
2016-04-18,SIDEWAYS,22.38424959630712,3.2649956061217686,22.09732226533147,2.0,36.07383005168199,1.6324978030608843,22.09732226533147,smooth_fair_pe_pit_truth_xnys_v5
2016-04-19,SIDEWAYS,22.399440585852528,3.2649956061217686,21.831904384803803,2.0,35.6405359448275,1.6324978030608843,21.831904384803803,smooth_fair_pe_pit_truth_xnys_v5
2016-04-20,SIDEWAYS,22.414261726535504,3.2649956061217686,21.815189114998887,2.0,35.6132483035934,1.6324978030608843,21.815189114998887,smooth_fair_pe_pit_truth_xnys_v5
2016-04-21,SIDEWAYS,22.428721780732204,3.2649956061217686,21.526258389603694,2.0,35.14156952914896,1.6324978030608843,21.526258389603694,smooth_fair_pe_pit_truth_xnys_v5
2016-04-22,SIDEWAYS,22.442829315196292,3.2649956061217686,22.078723570616628,2.0,36.04346772342021,1.6324978030608843,22.078723570616628,smooth_fair_pe_pit_truth_xnys_v5
2016-04-25,SIDEWAYS,22.45659270482508,3.2649956061217686,22.238260689834497,2.0,36.303911720050046,1.6324978030608843,22.238260689834497,smooth_fair_pe_pit_truth_xnys_v5
2016-04-26,SIDEWAYS,22.47002013638461,3.2649956061217686,22.412193677676235,2.0,36.587856940581496,1.6324978030608843,22.412193677676235,smooth_fair_pe_pit_truth_xnys_v5
2016-04-27,SIDEWAYS,22.48311961219244,3.2649956061217686,22.983806448655,2.0,37.52101353340588,1.6324978030608843,22.983806448655,smooth_fair_pe_pit_truth_xnys_v5
2016-04-28,SIDEWAYS,22.495898953756587,3.2649956061217686,23.44953752163252,2.0,38.28131848685886,1.6324978030608843,23.44953752163252,smooth_fair_pe_pit_truth_xnys_v5
2016-04-29,SIDEWAYS,22.50836580536971,3.2649956061217686,23.72880956396323,2.0,38.73722948242008,1.6324978030608843,23.72880956396323,smooth_fair_pe_pit_truth_xnys_v5
2016-05-02,BULL,22.689211732581157,3.2649956061217686,23.241352883535317,2.0,37.94145752253415,1.6324978030608843,23.241352883535317,smooth_fair_pe_pit_truth_xnys_v5
2016-05-03,BULL,22.866935410100837,3.2649956061217686,23.0985708051337,2.0,37.70836609322705,1.6324978030608843,23.0985708051337,smooth_fair_pe_pit_truth_xnys_v5
2016-05-04,BULL,23.041556241936163,3.2649956061217686,22.84434069285865,2.0,37.29333599346611,1.6324978030608843,22.84434069285865,smooth_fair_pe_pit_truth_xnys_v5
2016-05-05,SIDEWAYS,23.0405164213716,3.2649956061217686,23.156364099200747,2.0,37.802713518823154,1.6324978030608843,23.156364099200747,smooth_fair_pe_pit_truth_xnys_v5
2016-05-06,SIDEWAYS,23.03950264150121,3.2649956061217686,23.21959327446881,2.0,37.90593500853762,1.6324978030608843,23.21959327446881,smooth_fair_pe_pit_truth_xnys_v5
2016-05-09,SIDEWAYS,23.03851424907499,3.2649956061217686,22.63408967848489,2.0,36.95010167440962,1.6324978030608843,22.63408967848489,smooth_fair_pe_pit_truth_xnys_v5
2016-05-10,SIDEWAYS,23.03755060728456,3.2649956061217686,22.580361077733397,2.0,36.86238985172127,1.6324978030608843,22.580361077733397,smooth_fair_pe_pit_truth_xnys_v5
2016-05-11,SIDEWAYS,23.036611095346657,3.2649956061217686,22.00673280662725,2.0,35.92594295936688,1.6324978030608843,22.00673280662725,smooth_fair_pe_pit_truth_xnys_v5
2016-05-12,SIDEWAYS,23.03569510809733,3.2649956061217686,22.045225349860758,2.0,35.9887819516298,1.6324978030608843,22.045225349860758,smooth_fair_pe_pit_truth_xnys_v5
2016-05-13,SIDEWAYS,23.034802055596515,3.2649956061217686,21.45370811618286,2.0,35.02313136717798,1.6324978030608843,21.45370811618286,smooth_fair_pe_pit_truth_xnys_v5
2016-05-16,SIDEWAYS,23.033931362742766,3.2649956061217686,21.75068215003814,2.0,35.50794082501286,1.6324978030608843,21.75068215003814,smooth_fair_pe_pit_truth_xnys_v5
2016-05-17,SIDEWAYS,23.03308246889782,3.2649956061217686,21.973803413236148,2.0,35.87218579699977,1.6324978030608843,21.973803413236148,smooth_fair_pe_pit_truth_xnys_v5
2016-05-18,SIDEWAYS,23.03225482752077,3.2649956061217686,22.80507190195613,2.0,37.22922977858888,1.6324978030608843,22.80507190195613,smooth_fair_pe_pit_truth_xnys_v5
2016-05-19,SIDEWAYS,23.031447905811635,3.2649956061217686,23.168750430390617,2.0,37.8229341772786,1.6324978030608843,23.168750430390617,smooth_fair_pe_pit_truth_xnys_v5
2016-05-20,SIDEWAYS,23.030661184363968,3.2649956061217686,22.98406526545488,2.0,37.521436051263066,1.6324978030608843,22.98406526545488,smooth_fair_pe_pit_truth_xnys_v5
2016-05-23,SIDEWAYS,23.029894156826444,3.2649956061217686,23.327073375663343,2.0,38.08139603761045,1.6324978030608843,23.327073375663343,smooth_fair_pe_pit_truth_xnys_v5
2016-05-24,SIDEWAYS,23.029146329572956,3.2649956061217686,22.729301796993493,2.0,37.10553524869969,1.6324978030608843,22.729301796993493,smooth_fair_pe_pit_truth_xnys_v5
2016-05-25,SIDEWAYS,23.028417221381225,3.2649956061217686,22.355784369613342,2.0,36.49576886909664,1.6324978030608843,22.355784369613342,smooth_fair_pe_pit_truth_xnys_v5
2016-05-26,SIDEWAYS,23.0277063631196,3.2649956061217686,22.52958705792637,2.0,36.77950137593374,1.6324978030608843,22.52958705792637,smooth_fair_pe_pit_truth_xnys_v5
2016-05-27,SIDEWAYS,23.02701329744181,3.2649956061217686,21.69893011116889,2.0,35.42345573525488,1.6324978030608843,21.69893011116889,smooth_fair_pe_pit_truth_xnys_v5
2016-05-31,SIDEWAYS,23.026337578489485,3.2649956061217686,21.76120985190314,2.0,35.52512727517875,1.6324978030608843,21.76120985190314,smooth_fair_pe_pit_truth_xnys_v5
2016-06-01,SIDEWAYS,23.025678771602315,3.2649956061217686,21.4371682316143,2.0,34.99613004195693,1.6324978030608843,21.4371682316143,smooth_fair_pe_pit_truth_xnys_v5
2016-06-02,SIDEWAYS,23.02503645303551,3.2649956061217686,21.568003744613232,2.0,35.20971872949003,1.6324978030608843,21.568003744613232,smooth_fair_pe_pit_truth_xnys_v5
2016-06-03,SIDEWAYS,23.024410209684504,3.2649956061217686,21.23618848873806,2.0,34.668031053251724,1.6324978030608843,21.23618848873806,smooth_fair_pe_pit_truth_xnys_v5
2016-06-06,SIDEWAYS,23.023799638816676,3.2649956061217686,21.50246484371119,2.0,35.102726617752424,1.6324978030608843,21.50246484371119,smooth_fair_pe_pit_truth_xnys_v5
2016-06-07,SIDEWAYS,23.02320434780979,3.2649956061217686,21.597795791799417,2.0,35.25835418107016,1.6324978030608843,21.597795791799417,smooth_fair_pe_pit_truth_xnys_v5
2016-06-08,SIDEWAYS,23.02262395389724,3.2649956061217686,22.23365917430233,2.0,36.29639975605303,1.6324978030608843,22.23365917430233,smooth_fair_pe_pit_truth_xnys_v5
2016-06-09,SIDEWAYS,23.02205808391961,3.2649956061217686,22.28237853538521,2.0,36.37593400598736,1.6324978030608843,22.28237853538521,smooth_fair_pe_pit_truth_xnys_v5
2016-06-10,SIDEWAYS,23.02150637408264,3.2649956061217686,22.01878668009637,2.0,35.945620881323585,1.6324978030608843,22.01878668009637,smooth_fair_pe_pit_truth_xnys_v5
2016-06-13,SIDEWAYS,23.020968469721325,3.2649956061217686,21.97929088389973,2.0,35.88114408080242,1.6324978030608843,21.97929088389973,smooth_fair_pe_pit_truth_xnys_v5
2016-06-14,SIDEWAYS,23.02044402506996,3.2649956061217686,21.513054505987487,2.0,35.12001421815363,1.6324978030608843,21.513054505987487,smooth_fair_pe_pit_truth_xnys_v5
2016-06-15,SIDEWAYS,23.01993270303804,3.2649956061217686,21.75865394999704,2.0,35.5209547709322,1.6324978030608843,21.75865394999704,smooth_fair_pe_pit_truth_xnys_v5
2016-06-16,SIDEWAYS,23.019434174991886,3.2649956061217686,22.064900738512137,2.0,36.020901980377545,1.6324978030608843,22.064900738512137,smooth_fair_pe_pit_truth_xnys_v5
2016-06-17,SIDEWAYS,23.018948120541697,3.2649956061217686,23.125909175970698,2.0,37.75299592355771,1.6324978030608843,23.125909175970698,smooth_fair_pe_pit_truth_xnys_v5
2016-06-20,SIDEWAYS,23.01847422733414,3.2649956061217686,22.86167230277895,2.0,37.3216298085845,1.6324978030608843,22.86167230277895,smooth_fair_pe_pit_truth_xnys_v5
2016-06-21,BULL,23.190422563103816,3.2649956061217686,22.931095652521236,2.0,37.43496327451991,1.6324978030608843,22.931095652521236,smooth_fair_pe_pit_truth_xnys_v5
2016-06-22,BULL,23.35930880447165,3.2649956061217686,22.87537833476118,2.0,37.34400487568418,1.6324978030608843,22.87537833476118,smooth_fair_pe_pit_truth_xnys_v5
2016-06-23,BULL,23.52515700864329,3.2649956061217686,23.15498409107794,2.0,37.80046065859446,1.6324978030608843,23.15498409107794,smooth_fair_pe_pit_truth_xnys_v5
2016-06-24,BULL,23.68799265415216,3.2649956061217686,23.498345678576417,2.0,38.36099769584123,1.6324978030608843,23.498345678576417,smooth_fair_pe_pit_truth_xnys_v5
2016-06-27,BULL,23.847842541951746,3.2649956061217686,23.64559981825896,2.0,38.6013897553646,1.6324978030608843,23.64559981825896,smooth_fair_pe_pit_truth_xnys_v5
2016-06-28,BULL,24.00473469989309,3.2649956061217686,24.283552002112053,2.0,39.642845293962665,1.6324978030608843,24.283552002112053,smooth_fair_pe_pit_truth_xnys_v5
2016-06-29,BULL,24.158698290580865,3.2649956061217686,24.152650631916483,2.0,39.42914909470074,1.6324978030608843,24.152650631916483,smooth_fair_pe_pit_truth_xnys_v5
2016-06-30,BULL,24.309763522591982,3.2649956061217686,24.73931932505851,2.0,40.3868844473797,1.6324978030608843,24.73931932505851,smooth_fair_pe_pit_truth_xnys_v5
2016-07-01,BULL,24.457961565032324,3.2649956061217686,25.10616907569017,2.0,40.98576585933931,1.6324978030608843,25.10616907569017,smooth_fair_pe_pit_truth_xnys_v5
2016-07-05,BULL,24.60332446539899,3.2649956061217686,25.754767203898847,2.0,42.04460087870938,1.6324978030608843,25.754767203898847,smooth_fair_pe_pit_truth_xnys_v5
2016-07-06,BULL,24.745885070709075,3.2649956061217686,25.71993101835301,2.0,41.98773088233879,1.6324978030608843,25.71993101835301,smooth_fair_pe_pit_truth_xnys_v5
2016-07-07,BULL,24.885676951849145,3.335507316893815,26.421514698723232,2.0,44.06457780050441,1.6677536584469077,26.421514698723232,smooth_fair_pe_pit_truth_xnys_v5
2016-07-08,BULL,25.02273433109468,3.335507316893815,26.08529303234341,2.0,43.50384288635035,1.6677536584469077,26.08529303234341,smooth_fair_pe_pit_truth_xnys_v5
2016-07-11,BULL,25.157092012743263,3.335507316893815,26.30066738504869,2.0,43.86303425101021,1.6677536584469077,26.30066738504869,smooth_fair_pe_pit_truth_xnys_v5
2016-07-12,BULL,25.288785316801565,3.335507316893815,26.014245381600364,2.0,43.38535290689958,1.6677536584469077,26.014245381600364,smooth_fair_pe_pit_truth_xnys_v5
2016-07-13,BULL,25.417850015661973,3.335507316893815,26.955277927602832,2.0,44.9547633782128,1.6677536584469077,26.955277927602832,smooth_fair_pe_pit_truth_xnys_v5
2016-07-14,BULL,25.544322273701987,3.335507316893815,27.42847577048768,2.0,45.74394081185318,1.6677536584469077,27.42847577048768,smooth_fair_pe_pit_truth_xnys_v5
2016-07-15,BULL,25.6682385897365,3.335507316893815,27.11103230338275,2.0,45.21452330823887,1.6677536584469077,27.11103230338275,smooth_fair_pe_pit_truth_xnys_v5
2016-07-18,BULL,25.78963574225105,3.335507316893815,27.40168724450884,2.0,45.69926414964758,1.6677536584469077,27.40168724450884,smooth_fair_pe_pit_truth_xnys_v5
2016-07-19,BULL,25.90855073734212,3.335507316893815,27.555593940427517,2.0,45.955942604825424,1.6677536584469077,27.555593940427517,smooth_fair_pe_pit_truth_xnys_v5
2016-07-20,BULL,26.02502075928948,3.335507316893815,27.322040466562,2.0,45.56643294434323,1.6677536584469077,27.322040466562,smooth_fair_pe_pit_truth_xnys_v5
2016-07-21,BULL,26.13908312368412,3.335507316893815,27.73779092845665,2.0,46.25980229816902,1.6677536584469077,27.73779092845665,smooth_fair_pe_pit_truth_xnys_v5
2016-07-22,BULL,26.250775233035,3.335507316893815,27.952462919866083,2.0,46.617822297208185,1.6677536584469077,27.952462919866083,smooth_fair_pe_pit_truth_xnys_v5
2016-07-25,BULL,26.360134534776986,3.335507316893815,28.072111096676625,2.0,46.81736598181047,1.6677536584469077,28.072111096676625,smooth_fair_pe_pit_truth_xnys_v5
2016-07-26,BULL,26.467198481602665,3.335507316893815,28.058734499758625,2.0,46.79505711336291,1.6677536584469077,28.058734499758625,smooth_fair_pe_pit_truth_xnys_v5
2016-07-27,BULL,26.572004494040403,3.335507316893815,28.2899707808678,2.0,47.180702267148384,1.6677536584469077,28.2899707808678,smooth_fair_pe_pit_truth_xnys_v5
2016-07-28,BULL,26.674589925201687,3.335507316893815,28.40969915210993,2.0,47.380379696307344,1.6677536584469077,28.40969915210993,smooth_fair_pe_pit_truth_xnys_v5
2016-07-29,BULL,26.774992027621067,3.335507316893815,28.43924421530536,2.0,47.42965358354056,1.6677536584469077,28.43924421530536,smooth_fair_pe_pit_truth_xnys_v5
2016-08-01,BULL,26.87324792211296,3.335507316893815,28.11425133878133,2.0,46.88764552474843,1.6677536584469077,28.11425133878133,smooth_fair_pe_pit_truth_xnys_v5
2016-08-02,BULL,26.96939456857014,3.335507316893815,29.00960794911479,2.0,48.38087978724669,1.6677536584469077,29.00960794911479,smooth_fair_pe_pit_truth_xnys_v5
2016-08-03,BULL,27.063468738630306,3.335507316893815,28.440840954238315,2.0,47.43231655073758,1.6677536584469077,28.440840954238315,smooth_fair_pe_pit_truth_xnys_v5
2016-08-04,BULL,27.155506990137496,3.335507316893815,28.672549555511047,2.0,47.8187494182038,1.6677536584469077,28.672549555511047,smooth_fair_pe_pit_truth_xnys_v5
2016-08-05,BULL,27.245545643327286,3.335507316893815,28.509131323486933,2.0,47.546208063888656,1.6677536584469077,28.509131323486933,smooth_fair_pe_pit_truth_xnys_v5
2016-08-08,BULL,27.333620758665237,3.335507316893815,29.441453075259588,2.0,49.101091076257134,1.6677536584469077,29.441453075259588,smooth_fair_pe_pit_truth_xnys_v5
2016-08-09,BULL,27.419768116270152,3.335507316893815,28.928594553324277,2.0,48.24576940003384,1.6677536584469077,28.928594553324277,smooth_fair_pe_pit_truth_xnys_v5
2016-08-10,BULL,27.50402319685486,3.335507316893815,28.544089550195995,2.0,47.60450977437552,1.6677536584469077,28.544089550195995,smooth_fair_pe_pit_truth_xnys_v5
2016-08-11,BULL,27.58642116411889,3.335507316893815,28.071574626958192,2.0,46.81647128247491,1.6677536584469077,28.071574626958192,smooth_fair_pe_pit_truth_xnys_v5
2016-08-12,BULL,27.66699684852917,3.335507316893815,28.28836007928262,2.0,47.17801601368704,1.6677536584469077,28.28836007928262,smooth_fair_pe_pit_truth_xnys_v5
2016-08-15,BULL,27.745784732426426,3.335507316893815,27.639518203159973,2.0,46.09590760102994,1.6677536584469077,27.639518203159973,smooth_fair_pe_pit_truth_xnys_v5
2016-08-16,BULL,27.82281893639667,3.335507316893815,27.4848756825952,2.0,45.83800197160659,1.6677536584469077,27.4848756825952,smooth_fair_pe_pit_truth_xnys_v5
2016-08-17,BULL,27.898133206849003,3.335507316893815,26.531422854740644,2.0,44.2478775297956,1.6677536584469077,26.531422854740644,smooth_fair_pe_pit_truth_xnys_v5
2016-08-18,BULL,27.97176090474246,3.335507316893815,26.79745358110193,2.0,44.69155124694392,1.6677536584469077,26.79745358110193,smooth_fair_pe_pit_truth_xnys_v5
2016-08-19,BULL,28.04373499540672,3.335507316893815,26.69419454944222,2.0,44.51934061912576,1.6677536584469077,26.69419454944222,smooth_fair_pe_pit_truth_xnys_v5
2016-08-22,BULL,28.11408803940289,3.335507316893815,26.13108979391837,2.0,43.58022060301201,1.6677536584469077,26.13108979391837,smooth_fair_pe_pit_truth_xnys_v5
2016-08-23,BULL,28.18285218437263,3.335507316893815,26.82940173111183,2.0,44.74483289100355,1.6677536584469077,26.82940173111183,smooth_fair_pe_pit_truth_xnys_v5
2016-08-24,BULL,28.25005915782537,3.335507316893815,26.345437752883992,2.0,43.93770019575755,1.6677536584469077,26.345437752883992,smooth_fair_pe_pit_truth_xnys_v5
2016-08-25,BULL,28.315740260815254,3.335507316893815,26.90064928616605,2.0,44.863656261600624,1.6677536584469077,26.90064928616605,smooth_fair_pe_pit_truth_xnys_v5
2016-08-26,BULL,28.379926362461145,3.335507316893815,26.70556492197325,2.0,44.53830359951229,1.6677536584469077,26.70556492197325,smooth_fair_pe_pit_truth_xnys_v5
2016-08-29,BULL,28.442647895264557,3.335507316893815,27.648085561224544,2.0,46.11019584378536,1.6677536584469077,27.648085561224544,smooth_fair_pe_pit_truth_xnys_v5
2016-08-30,BULL,28.50393485118224,3.335507316893815,28.131806145645676,2.0,46.91692261811976,1.6677536584469077,28.131806145645676,smooth_fair_pe_pit_truth_xnys_v5
2016-08-31,BULL,28.563816778411702,3.335507316893815,27.705835844672396,2.0,46.20650909028185,1.6677536584469077,27.705835844672396,smooth_fair_pe_pit_truth_xnys_v5
2016-09-01,BULL,28.622322778849387,3.335507316893815,27.35807160872868,2.0,45.62652401350973,1.6677536584469077,27.35807160872868,smooth_fair_pe_pit_truth_xnys_v5
2016-09-02,BULL,28.67948150618317,3.335507316893815,27.788342216193843,2.0,46.344109393231925,1.6677536584469077,27.788342216193843,smooth_fair_pe_pit_truth_xnys_v5
2016-09-06,BULL,28.735321164581958,3.335507316893815,27.76379501364292,2.0,46.30317070637299,1.6677536584469077,27.76379501364292,smooth_fair_pe_pit_truth_xnys_v5
2016-09-07,BULL,28.78986950794703,3.335507316893815,27.78912693131702,2.0,46.34541810474945,1.6677536584469077,27.78912693131702,smooth_fair_pe_pit_truth_xnys_v5
2016-09-08,BULL,28.843153839690967,3.335507316893815,28.54600343847144,2.0,47.60770166854875,1.6677536584469077,28.54600343847144,smooth_fair_pe_pit_truth_xnys_v5
2016-09-09,BULL,28.89520101301153,3.335507316893815,28.23224455739319,2.0,47.084429146760286,1.6677536584469077,28.23224455739319,smooth_fair_pe_pit_truth_xnys_v5
2016-09-12,BULL,28.946037431629385,3.335507316893815,28.36790712140617,2.0,47.310680884207216,1.6677536584469077,28.36790712140617,smooth_fair_pe_pit_truth_xnys_v5
2016-09-13,BULL,28.99568905095974,3.335507316893815,28.94409217626118,2.0,48.27161561738409,1.6677536584469077,28.94409217626118,smooth_fair_pe_pit_truth_xnys_v5
2016-09-14,BULL,29.044181379689224,3.335507316893815,29.42098196816734,2.0,49.06695031251158,1.6677536584469077,29.42098196816734,smooth_fair_pe_pit_truth_xnys_v5
2016-09-15,BULL,29.091539481730955,3.335507316893815,29.361693851766983,2.0,48.96807233948245,1.6677536584469077,29.361693851766983,smooth_fair_pe_pit_truth_xnys_v5
2016-09-16,BULL,29.137787978531517,3.335507316893815,29.239615175388305,2.0,48.76447518033356,1.6677536584469077,29.239615175388305,smooth_fair_pe_pit_truth_xnys_v5
2016-09-19,BULL,29.18295105170513,3.335507316893815,28.376611391659317,2.0,47.32519746276601,1.6677536584469077,28.376611391659317,smooth_fair_pe_pit_truth_xnys_v5
2016-09-20,BULL,29.22705244597137,3.335507316893815,27.931192672311557,2.0,46.58234876403305,1.6677536584469077,27.931192672311557,smooth_fair_pe_pit_truth_xnys_v5
2016-09-21,BULL,29.27011547237368,3.335507316893815,28.209756639953987,2.0,47.0469248401802,1.6677536584469077,28.209756639953987,smooth_fair_pe_pit_truth_xnys_v5
2016-09-22,BULL,29.312163011757374,3.335507316893815,28.24271283759176,2.0,47.10188765935909,1.6677536584469077,28.24271283759176,smooth_fair_pe_pit_truth_xnys_v5
2016-09-23,BULL,29.35321751848659,3.335507316893815,28.383664900628748,2.0,47.33696097815467,1.6677536584469077,28.383664900628748,smooth_fair_pe_pit_truth_xnys_v5
2016-09-26,BULL,29.39330102438078,3.335507316893815,29.01753472710149,2.0,48.3940997002337,1.6677536584469077,29.01753472710149,smooth_fair_pe_pit_truth_xnys_v5
2016-09-27,BULL,29.432435142852285,3.335507316893815,28.463739452850568,2.0,47.47050560557111,1.6677536584469077,28.463739452850568,smooth_fair_pe_pit_truth_xnys_v5
2016-09-28,BULL,29.470641073227423,3.335507316893815,28.436824964868062,2.0,47.42561886977306,1.6677536584469077,28.436824964868062,smooth_fair_pe_pit_truth_xnys_v5
2016-09-29,BULL,29.50793960523454,3.335507316893815,28.630974266433096,2.0,47.74941207774306,1.6677536584469077,28.630974266433096,smooth_fair_pe_pit_truth_xnys_v5
2016-09-30,BULL,29.54435112364309,3.335507316893815,28.356539627560963,2.0,47.2917227047595,1.6677536584469077,28.356539627560963,smooth_fair_pe_pit_truth_xnys_v5
2016-10-03,BULL,29.579895613039007,3.335507316893815,29.770662981328712,2.0,49.65013210150088,1.6677536584469077,29.770662981328712,smooth_fair_pe_pit_truth_xnys_v5
2016-10-04,BULL,29.614592662722075,3.335507316893815,30.32033733091368,2.0,50.566853508975626,1.6677536584469077,30.32033733091368,smooth_fair_pe_pit_truth_xnys_v5
2016-10-05,BULL,29.648461471712,3.4002858658898343,29.92488361267338,2.0,50.87657939328581,1.7001429329449171,29.92488361267338,smooth_fair_pe_pit_truth_xnys_v5
2016-10-06,BULL,29.681520853850465,3.4002858658898343,30.92435777094217,2.0,52.57582832012756,1.7001429329449171,30.92435777094217,smooth_fair_pe_pit_truth_xnys_v5
2016-10-07,BULL,29.71378924298732,3.4002858658898343,30.059821008756558,2.0,51.1059922536266,1.7001429329449171,30.059821008756558,smooth_fair_pe_pit_truth_xnys_v5
2016-10-10,BULL,29.745284698239576,3.4002858658898343,30.06660429296094,2.0,51.117524806328845,1.7001429329449171,30.06660429296094,smooth_fair_pe_pit_truth_xnys_v5
2016-10-11,BULL,29.776024909312568,3.4002858658898343,30.2772733724831,2.0,51.47569235306846,1.7001429329449171,30.2772733724831,smooth_fair_pe_pit_truth_xnys_v5
2016-10-12,BULL,29.806027201873373,3.4002858658898343,29.783091935543265,2.0,50.63551327546264,1.7001429329449171,29.783091935543265,smooth_fair_pe_pit_truth_xnys_v5
2016-10-13,BULL,29.835308542966924,3.4002858658898343,29.975542847511097,2.0,50.96270733338355,1.7001429329449171,29.975542847511097,smooth_fair_pe_pit_truth_xnys_v5
2016-10-14,BULL,29.863885546466086,3.4002858658898343,29.404253369910837,2.0,49.99143356537567,1.7001429329449171,29.404253369910837,smooth_fair_pe_pit_truth_xnys_v5
2016-10-17,BULL,29.89177447854738,3.4002858658898343,29.827578984492305,2.0,50.71114761734092,1.7001429329449171,29.827578984492305,smooth_fair_pe_pit_truth_xnys_v5
2016-10-18,BULL,29.91899126318441,3.4002858658898343,30.43257411259474,2.0,51.73972580885038,1.7001429329449171,30.43257411259474,smooth_fair_pe_pit_truth_xnys_v5
2016-10-19,BULL,29.945551487651883,3.4002858658898343,30.57802733794863,2.0,51.98701708200984,1.7001429329449171,30.57802733794863,smooth_fair_pe_pit_truth_xnys_v5
2016-10-20,BULL,29.971470408033216,3.4002858658898343,29.563557449850947,2.0,50.262273271075145,1.7001429329449171,29.563557449850947,smooth_fair_pe_pit_truth_xnys_v5
2016-10-21,BULL,29.99676295472547,3.4002858658898343,29.101970718796604,2.0,49.47750985233196,1.7001429329449171,29.101970718796604,smooth_fair_pe_pit_truth_xnys_v5
2016-10-24,BULL,30.02144373793548,3.4002858658898343,29.476995108748465,2.0,50.11510491859059,1.7001429329449171,29.476995108748465,smooth_fair_pe_pit_truth_xnys_v5
2016-10-25,BULL,30.045527053161763,3.4002858658898343,29.544325565539022,2.0,50.22957631887501,1.7001429329449171,29.544325565539022,smooth_fair_pe_pit_truth_xnys_v5
2016-10-26,BULL,30.069026886656925,3.4002858658898343,28.196301344006518,2.0,47.93774246519794,1.7001429329449171,28.196301344006518,smooth_fair_pe_pit_truth_xnys_v5
2016-10-27,BULL,30.09195692086576,3.4002858658898343,28.967726671626167,2.0,49.249275784245214,1.7001429329449171,28.967726671626167,smooth_fair_pe_pit_truth_xnys_v5
2016-10-28,BULL,30.114330539834647,3.4002858658898343,29.127126475244367,2.0,49.5202782338795,1.7001429329449171,29.127126475244367,smooth_fair_pe_pit_truth_xnys_v5
2016-10-31,BULL,30.136160834587947,3.4002858658898343,28.77914815732085,2.0,48.928665355843776,1.7001429329449171,28.77914815732085,smooth_fair_pe_pit_truth_xnys_v5
2016-11-01,BULL,30.15746060846776,3.4002858658898343,29.40107741862568,2.0,49.98603399424284,1.7001429329449171,29.40107741862568,smooth_fair_pe_pit_truth_xnys_v5
2016-11-02,BULL,30.17824238243332,3.4002858658898343,29.109032848914055,2.0,49.48951648294268,1.7001429329449171,29.109032848914055,smooth_fair_pe_pit_truth_xnys_v5
2016-11-03,BULL,30.19851840031695,3.4002858658898343,28.832188107842686,2.0,49.01884085288722,1.7001429329449171,28.832188107842686,smooth_fair_pe_pit_truth_xnys_v5
2016-11-04,BULL,30.218300634033444,3.4002858658898343,29.11855615159379,2.0,49.50570745869192,1.7001429329449171,29.11855615159379,smooth_fair_pe_pit_truth_xnys_v5
2016-11-07,BULL,30.23760078874026,3.4002858658898343,30.153383638183083,2.0,51.265062096833866,1.7001429329449171,30.153383638183083,smooth_fair_pe_pit_truth_xnys_v5
2016-11-08,BULL,30.25643030794598,3.4002858658898343,31.07213950080155,2.0,52.82707838376636,1.7001429329449171,31.07213950080155,smooth_fair_pe_pit_truth_xnys_v5
2016-11-09,BULL,30.274800378564755,3.4002858658898343,31.24305712753081,2.0,53.11766277896584,1.7001429329449171,31.24305712753081,smooth_fair_pe_pit_truth_xnys_v5
2016-11-10,BULL,30.29272193591472,3.4002858658898343,31.46333879099068,2.0,53.49217309235448,1.7001429329449171,31.46333879099068,smooth_fair_pe_pit_truth_xnys_v5
2016-11-11,BULL,30.31020566865854,3.4002858658898343,31.86066133294602,2.0,54.16767820415956,1.7001429329449171,31.86066133294602,smooth_fair_pe_pit_truth_xnys_v5
2016-11-14,BULL,30.32726202368433,3.4002858658898343,31.07226649191372,2.0,52.827294286808254,1.7001429329449171,31.07226649191372,smooth_fair_pe_pit_truth_xnys_v5
2016-11-15,BULL,30.34390121092564,3.4002858658898343,31.40611833269402,2.0,53.39489013456154,1.7001429329449171,31.40611833269402,smooth_fair_pe_pit_truth_xnys_v5
2016-11-16,BULL,30.360133208119063,3.4002858658898343,30.94649556081318,2.0,52.613465727127775,1.7001429329449171,30.94649556081318,smooth_fair_pe_pit_truth_xnys_v5
2016-11-17,BULL,30.37596776549831,3.4002858658898343,31.10492059211872,2.0,52.88281092450347,1.7001429329449171,31.10492059211872,smooth_fair_pe_pit_truth_xnys_v5
2016-11-18,BULL,30.39141441042391,3.4002858658898343,30.94950910308965,2.0,52.61858917973225,1.7001429329449171,30.94950910308965,smooth_fair_pe_pit_truth_xnys_v5
2016-11-21,BULL,30.40648245194745,3.4002858658898343,31.211379158147285,2.0,53.06380570318839,1.7001429329449171,31.211379158147285,smooth_fair_pe_pit_truth_xnys_v5
2016-11-22,BULL,30.42118098530984,3.4002858658898343,31.243903731644068,2.0,53.119102126965984,1.7001429329449171,31.243903731644068,smooth_fair_pe_pit_truth_xnys_v5
2016-11-23,BULL,30.43551889637287,3.4002858658898343,29.52920648811406,2.0,50.20387172623831,1.7001429329449171,29.52920648811406,smooth_fair_pe_pit_truth_xnys_v5
2016-11-25,BULL,30.44950486598367,3.4002858658898343,29.691865707244965,2.0,50.48041564812206,1.7001429329449171,29.691865707244965,smooth_fair_pe_pit_truth_xnys_v5
2016-11-28,BULL,30.46314737427158,3.4002858658898343,30.095980141708942,2.0,51.16746794797703,1.7001429329449171,30.095980141708942,smooth_fair_pe_pit_truth_xnys_v5
2016-11-29,BULL,30.476454704877355,3.4002858658898343,30.373867736578177,2.0,51.639916578547016,1.7001429329449171,30.373867736578177,smooth_fair_pe_pit_truth_xnys_v5
2016-11-30,BULL,30.489434949114287,3.4002858658898343,30.33688214197273,2.0,51.5770357812578,1.7001429329449171,30.33688214197273,smooth_fair_pe_pit_truth_xnys_v5
2016-12-01,BULL,30.50209601006141,3.4002858658898343,31.269377092466755,2.0,53.16241048134703,1.7001429329449171,31.269377092466755,smooth_fair_pe_pit_truth_xnys_v5
2016-12-02,BULL,30.514445606588588,3.4002858658898343,31.410999416375457,2.0,53.40318867448765,1.7001429329449171,31.410999416375457,smooth_fair_pe_pit_truth_xnys_v5
2016-12-05,BULL,30.52649127731368,3.4002858658898343,31.61695255537477,2.0,53.75333844827515,1.7001429329449171,31.61695255537477,smooth_fair_pe_pit_truth_xnys_v5
2016-12-06,BULL,30.538240384491964,3.4002858658898343,32.16160011126271,2.0,54.67931714136376,1.7001429329449171,32.16160011126271,smooth_fair_pe_pit_truth_xnys_v5
2016-12-07,BULL,30.549700117837844,3.4002858658898343,32.283861095250785,2.0,54.887178289265975,1.7001429329449171,32.283861095250785,smooth_fair_pe_pit_truth_xnys_v5
2016-12-08,BULL,30.560877498279417,3.4002858658898343,31.67273394727392,2.0,53.84817478750232,1.7001429329449171,31.67273394727392,smooth_fair_pe_pit_truth_xnys_v5
2016-12-09,BULL,30.57177938164597,3.4002858658898343,30.258545556826743,2.0,51.44385238963081,1.7001429329449171,30.258545556826743,smooth_fair_pe_pit_truth_xnys_v5
2016-12-12,BULL,30.58241246228901,3.4002858658898343,30.028776380631832,2.0,51.05321194851446,1.7001429329449171,30.028776380631832,smooth_fair_pe_pit_truth_xnys_v5
2016-12-13,BULL,30.59278327663709,3.4002858658898343,30.4866335766148,2.0,51.83163462456287,1.7001429329449171,30.4866335766148,smooth_fair_pe_pit_truth_xnys_v5
2016-12-14,BULL,30.60289820668508,3.4002858658898343,30.3098194593786,2.0,51.531025352698855,1.7001429329449171,30.3098194593786,smooth_fair_pe_pit_truth_xnys_v5
2016-12-15,BULL,30.612763483418323,3.4002858658898343,30.777768777356663,2.0,52.326606078635656,1.7001429329449171,30.777768777356663,smooth_fair_pe_pit_truth_xnys_v5
2016-12-16,BEAR,30.165893659532166,3.4002858658898343,30.39998500108775,2.0,51.684319661230816,1.7001429329449171,30.39998500108775,smooth_fair_pe_pit_truth_xnys_v5
2016-12-19,BULL,30.186470244472016,3.4002858658898343,31.11983431732943,2.0,52.908166389024345,1.7001429329449171,31.11983431732943,smooth_fair_pe_pit_truth_xnys_v5
2016-12-20,BULL,30.20654592834453,3.4002858658898343,30.91894849388857,2.0,52.56663177597255,1.7001429329449171,30.91894849388857,smooth_fair_pe_pit_truth_xnys_v5
2016-12-21,BULL,30.226132574989865,3.4002858658898343,31.15690415036848,2.0,52.971190403691125,1.7001429329449171,31.15690415036848,smooth_fair_pe_pit_truth_xnys_v5
2016-12-22,BULL,30.24524178355505,3.4002858658898343,31.40459006372768,2.0,53.39229185887879,1.7001429329449171,31.40459006372768,smooth_fair_pe_pit_truth_xnys_v5
2016-12-23,BULL,30.26388489358087,3.4002858658898343,32.2121011259825,2.0,54.76517608464616,1.7001429329449171,32.2121011259825,smooth_fair_pe_pit_truth_xnys_v5
2016-12-27,BULL,30.28207299003404,3.4002858658898343,31.13959928829604,2.0,52.94176966473308,1.7001429329449171,31.13959928829604,smooth_fair_pe_pit_truth_xnys_v5
2016-12-28,BULL,30.29981690828251,3.4002858658898343,30.850077656303103,2.0,52.449541508165616,1.7001429329449171,30.850077656303103,smooth_fair_pe_pit_truth_xnys_v5
2016-12-29,BULL,30.317127239012155,3.4002858658898343,31.308945015810544,2.0,53.229681606591285,1.7001429329449171,31.308945015810544,smooth_fair_pe_pit_truth_xnys_v5
2016-12-30,BULL,30.334014333083346,3.4002858658898343,32.14816505655402,2.0,54.65647562804705,1.7001429329449171,32.14816505655402,smooth_fair_pe_pit_truth_xnys_v5
2017-01-03,BULL,30.350488306325943,3.4002858658898343,32.63757546233239,2.0,55.48854327074085,1.7001429329449171,32.63757546233239,smooth_fair_pe_pit_truth_xnys_v5
2017-01-04,BULL,30.36655904427144,3.4002858658898343,32.368626153469656,2.0,55.031291003957456,1.7001429329449171,32.368626153469656,smooth_fair_pe_pit_truth_xnys_v5
2017-01-05,BULL,30.38223620682121,3.4472930317825625,32.28481598354775,2.0,55.64761058623324,1.7236465158912813,32.28481598354775,smooth_fair_pe_pit_truth_xnys_v5
2017-01-06,BULL,30.39752923284996,3.4472930317825625,32.69076318455366,2.0,56.34732006488288,1.7236465158912813,32.69076318455366,smooth_fair_pe_pit_truth_xnys_v5
2017-01-09,BULL,30.41244734474343,3.4472930317825625,32.35425133071939,2.0,55.76729258046533,1.7236465158912813,32.35425133071939,smooth_fair_pe_pit_truth_xnys_v5
2017-01-10,BULL,30.4269995528699,3.4472930317825625,32.44206016617144,2.0,55.91864397375672,1.7236465158912813,32.44206016617144,smooth_fair_pe_pit_truth_xnys_v5
2017-01-11,BULL,30.441194659984752,3.4472930317825625,33.02695755174123,2.0,56.92680031454802,1.7236465158912813,33.02695755174123,smooth_fair_pe_pit_truth_xnys_v5
2017-01-12,BULL,30.45504126556771,3.4472930317825625,34.01887458126189,2.0,58.63651464653453,1.7236465158912813,34.01887458126189,smooth_fair_pe_pit_truth_xnys_v5
2017-01-13,BULL,30.468547770092528,3.4472930317825625,34.26368161862299,2.0,59.05847544354765,1.7236465158912813,34.26368161862299,smooth_fair_pe_pit_truth_xnys_v5
2017-01-17,BULL,30.48172237922876,3.4472930317825625,34.06496014306352,2.0,58.7159498645668,1.7236465158912813,34.06496014306352,smooth_fair_pe_pit_truth_xnys_v5
2017-01-18,BULL,30.494573107975526,3.4472930317825625,33.81988411057216,2.0,58.29352541503461,1.7236465158912813,33.81988411057216,smooth_fair_pe_pit_truth_xnys_v5
2017-01-19,BULL,30.50710778472728,3.4472930317825625,33.96338408875736,2.0,58.540868652464,1.7236465158912813,33.96338408875736,smooth_fair_pe_pit_truth_xnys_v5
2017-01-20,BULL,30.51933405527152,3.4472930317825625,33.6886903728807,2.0,58.06739378615597,1.7236465158912813,33.6886903728807,smooth_fair_pe_pit_truth_xnys_v5
2017-01-23,BULL,30.53125938671866,3.4472930317825625,33.61721461077405,2.0,57.94419483783017,1.7236465158912813,33.61721461077405,smooth_fair_pe_pit_truth_xnys_v5
2017-01-24,BULL,30.5428910713641,3.4472930317825625,32.805630859003074,2.0,56.54531133173615,1.7236465158912813,32.805630859003074,smooth_fair_pe_pit_truth_xnys_v5
2017-01-25,BULL,30.55423623048291,3.4472930317825625,33.449287672561674,2.0,57.65474815585611,1.7236465158912813,33.449287672561674,smooth_fair_pe_pit_truth_xnys_v5
2017-01-26,BULL,30.565301818057304,3.4472930317825625,32.60408650953577,2.0,56.19792011597925,1.7236465158912813,32.60408650953577,smooth_fair_pe_pit_truth_xnys_v5
2017-01-27,BULL,30.57609462443729,3.4472930317825625,32.23775671159845,2.0,55.56649703609744,1.7236465158912813,32.23775671159845,smooth_fair_pe_pit_truth_xnys_v5
2017-01-30,BULL,30.586621279935,3.4472930317825625,32.20314246722295,2.0,55.50683431437941,1.7236465158912813,32.20314246722295,smooth_fair_pe_pit_truth_xnys_v5
2017-01-31,BULL,30.59688825835305,3.4472930317825625,33.28634776853197,2.0,57.37389735797565,1.7236465158912813,33.28634776853197,smooth_fair_pe_pit_truth_xnys_v5
2017-02-01,BULL,30.60690188044754,3.4472930317825625,32.87824928490707,2.0,56.67047982853508,1.7236465158912813,32.87824928490707,smooth_fair_pe_pit_truth_xnys_v5
2017-02-02,BULL,30.616668317326084,3.4472930317825625,32.357535581761766,2.0,55.77295346833183,1.7236465158912813,32.357535581761766,smooth_fair_pe_pit_truth_xnys_v5
2017-02-03,BULL,30.626193593781693,3.4472930317825625,31.942108429149982,2.0,55.056903904125896,1.7236465158912813,31.942108429149982,smooth_fair_pe_pit_truth_xnys_v5
2017-02-06,BULL,30.635483591562878,3.4472930317825625,32.83727884782563,2.0,56.59986127740511,1.7236465158912813,32.83727884782563,smooth_fair_pe_pit_truth_xnys_v5
2017-02-07,BULL,30.644544052580866,3.4472930317825625,31.095824566700937,2.0,53.59820967316058,1.7236465158912813,31.095824566700937,smooth_fair_pe_pit_truth_xnys_v5
2017-02-08,BULL,30.653380582054357,3.4472930317825625,30.521624945689865,2.0,52.60849249697876,1.7236465158912813,30.521624945689865,smooth_fair_pe_pit_truth_xnys_v5
2017-02-09,BULL,30.66199865159279,3.4472930317825625,32.07696593350607,2.0,55.28935057165105,1.7236465158912813,32.07696593350607,smooth_fair_pe_pit_truth_xnys_v5
2017-02-10,BULL,30.670403602218588,3.4472930317825625,32.341178934704665,2.0,55.74476039062019,1.7236465158912813,32.341178934704665,smooth_fair_pe_pit_truth_xnys_v5
2017-02-13,BULL,30.678600647329304,3.4472930317825625,31.611412651014128,2.0,54.48690127832207,1.7236465158912813,31.611412651014128,smooth_fair_pe_pit_truth_xnys_v5
2017-02-14,BULL,30.68659487560039,3.4472930317825625,31.539069109519925,2.0,54.362206585078354,1.7236465158912813,31.539069109519925,smooth_fair_pe_pit_truth_xnys_v5
2017-02-15,BULL,30.69439125382936,3.4472930317825625,31.53352329950952,2.0,54.35264756897613,1.7236465158912813,31.53352329950952,smooth_fair_pe_pit_truth_xnys_v5
2017-02-16,BULL,30.70199462972209,3.4472930317825625,31.973609886169303,2.0,55.11120128076274,1.7236465158912813,31.973609886169303,smooth_fair_pe_pit_truth_xnys_v5
2017-02-17,BULL,30.70940973462213,3.4472930317825625,32.977595353742046,2.0,56.84171733394998,1.7236465158912813,32.977595353742046,smooth_fair_pe_pit_truth_xnys_v5
2017-02-21,BULL,30.71664118618389,3.4472930317825625,33.07514941447631,2.0,57.00986605084564,1.7236465158912813,33.07514941447631,smooth_fair_pe_pit_truth_xnys_v5
2017-02-22,BULL,30.723693490990357,3.4472930317825625,32.61776061800791,2.0,56.221489445405176,1.7236465158912813,32.61776061800791,smooth_fair_pe_pit_truth_xnys_v5
2017-02-23,BULL,30.730571047116356,3.4472930317825625,32.97200678674338,2.0,56.83208461991391,1.7236465158912813,32.97200678674338,smooth_fair_pe_pit_truth_xnys_v5
2017-02-24,BULL,30.73727814663805,3.4472930317825625,32.43002032554413,2.0,55.89789154440757,1.7236465158912813,32.43002032554413,smooth_fair_pe_pit_truth_xnys_v5
2017-02-27,SIDEWAYS,30.51525249724649,3.4472930317825625,31.500972594187253,2.0,54.2965416591576,1.7236465158912813,31.500972594187253,smooth_fair_pe_pit_truth_xnys_v5
2017-02-28,SIDEWAYS,30.300321707766123,3.4472930317825625,30.246009069895862,2.0,52.133428152942095,1.7236465158912813,30.246009069895862,smooth_fair_pe_pit_truth_xnys_v5
2017-03-01,SIDEWAYS,30.0922218188893,3.4472930317825625,29.206987406482725,2.0,50.34252208286448,1.7236465158912813,29.206987406482725,smooth_fair_pe_pit_truth_xnys_v5
2017-03-02,SIDEWAYS,29.890700568683734,3.4472930317825625,28.598211328283604,2.0,49.29320731671861,1.7236465158912813,28.598211328283604,smooth_fair_pe_pit_truth_xnys_v5
2017-03-03,SIDEWAYS,29.69551678138342,3.4472930317825625,27.889347990902788,2.0,48.0713774949991,1.7236465158912813,27.889347990902788,smooth_fair_pe_pit_truth_xnys_v5
2017-03-06,SIDEWAYS,29.506439792812994,3.4472930317825625,27.973583262124933,2.0,48.2165693267563,1.7236465158912813,27.973583262124933,smooth_fair_pe_pit_truth_xnys_v5
2017-03-07,SIDEWAYS,29.32324890999005,3.4472930317825625,27.29338580607743,2.0,47.04414935152192,1.7236465158912813,27.29338580607743,smooth_fair_pe_pit_truth_xnys_v5
2017-03-08,SIDEWAYS,29.145732902630478,3.4472930317825625,25.746286850636587,2.0,44.37749762723726,1.7236465158912813,25.746286850636587,smooth_fair_pe_pit_truth_xnys_v5
2017-03-09,SIDEWAYS,28.97368952444881,3.4472930317825625,25.30547393293512,2.0,43.61769197748126,1.7236465158912813,25.30547393293512,smooth_fair_pe_pit_truth_xnys_v5
2017-03-10,SIDEWAYS,28.80692506229844,3.4472930317825625,25.150479366710904,2.0,43.35053613342681,1.7236465158912813,25.150479366710904,smooth_fair_pe_pit_truth_xnys_v5
2017-03-13,SIDEWAYS,28.64525391133786,3.4472930317825625,24.940554099325755,2.0,42.98869917770085,1.7236465158912813,24.940554099325755,smooth_fair_pe_pit_truth_xnys_v5
2017-03-14,SIDEWAYS,28.48849817453939,3.4472930317825625,25.704570575760183,2.0,44.30559351539058,1.7236465158912813,25.704570575760183,smooth_fair_pe_pit_truth_xnys_v5
2017-03-15,SIDEWAYS,28.336487284975973,3.4472930317825625,25.44310530298426,2.0,43.854919808943805,1.7236465158912813,25.44310530298426,smooth_fair_pe_pit_truth_xnys_v5
2017-03-16,SIDEWAYS,28.189057649433305,3.4472930317825625,25.88198960013128,2.0,44.61140119860065,1.7236465158912813,25.88198960013128,smooth_fair_pe_pit_truth_xnys_v5
2017-03-17,SIDEWAYS,28.0460523119957,3.4472930317825625,25.87411008569896,2.0,44.59781970100247,1.7236465158912813,25.87411008569896,smooth_fair_pe_pit_truth_xnys_v5
2017-03-20,SIDEWAYS,27.907320636349205,3.4472930317825625,25.85124682780155,2.0,44.55841152618568,1.7236465158912813,25.85124682780155,smooth_fair_pe_pit_truth_xnys_v5
2017-03-21,SIDEWAYS,27.772718005631795,3.4472930317825625,25.45924478013564,2.0,43.88273856250408,1.7236465158912813,25.45924478013564,smooth_fair_pe_pit_truth_xnys_v5
2017-03-22,SIDEWAYS,27.642105538741895,3.4472930317825625,25.445155153039757,2.0,43.85845302585005,1.7236465158912813,25.445155153039757,smooth_fair_pe_pit_truth_xnys_v5
2017-03-23,SIDEWAYS,27.515349822090357,3.4472930317825625,25.10648972069393,2.0,43.27471353333436,1.7236465158912813,25.10648972069393,smooth_fair_pe_pit_truth_xnys_v5
2017-03-24,SIDEWAYS,27.39232265585017,3.4472930317825625,25.209038962531583,2.0,43.45147217673512,1.7236465158912813,25.209038962531583,smooth_fair_pe_pit_truth_xnys_v5
2017-03-27,SIDEWAYS,27.272900813822343,3.4472930317825625,25.11749263973064,2.0,43.293678676396624,1.7236465158912813,25.11749263973064,smooth_fair_pe_pit_truth_xnys_v5
2017-03-28,BULL,27.3603779329544,3.4472930317825625,24.89590425354432,2.0,42.91173862658459,1.7236465158912813,24.89590425354432,smooth_fair_pe_pit_truth_xnys_v5
2017-03-29,BULL,27.445938263384548,3.4472930317825625,25.568042682142607,2.0,44.07026768723468,1.7236465158912813,25.568042682142607,smooth_fair_pe_pit_truth_xnys_v5
2017-03-30,BULL,27.529617189923595,3.4472930317825625,25.95393121258337,2.0,44.73540310825131,1.7236465158912813,25.95393121258337,smooth_fair_pe_pit_truth_xnys_v5
2017-03-31,SIDEWAYS,27.406171052025115,3.4472930317825625,25.720802884316267,2.0,44.33357227747816,1.7236465158912813,25.720802884316267,smooth_fair_pe_pit_truth_xnys_v5
2017-04-03,SIDEWAYS,27.286344049901658,3.4472930317825625,25.77345859707712,2.0,44.42433211332017,1.7236465158912813,25.77345859707712,smooth_fair_pe_pit_truth_xnys_v5
2017-04-04,SIDEWAYS,27.170017173364528,3.4472930317825625,25.935947794498503,2.0,44.7044060523255,1.7236465158912813,25.935947794498503,smooth_fair_pe_pit_truth_xnys_v5
2017-04-05,SIDEWAYS,27.05707596717201,3.4472930317825625,25.51216679293762,2.0,43.97395740548417,1.7236465158912813,25.51216679293762,smooth_fair_pe_pit_truth_xnys_v5
2017-04-06,SIDEWAYS,26.94741032576759,3.4772183930719973,25.324336777935795,2.0,44.029124818294,1.7386091965359989,25.324336777935795,smooth_fair_pe_pit_truth_xnys_v5
2017-04-07,SIDEWAYS,26.84091429873111,3.4772183930719973,25.03700938321801,2.0,43.52957476742092,1.7386091965359989,25.03700938321801,smooth_fair_pe_pit_truth_xnys_v5
2017-04-10,SIDEWAYS,26.7374859063123,3.4772183930719973,24.622478939308703,2.0,42.808868325396055,1.7386091965359989,24.622478939308703,smooth_fair_pe_pit_truth_xnys_v5
2017-04-11,SIDEWAYS,26.637026964456663,3.4772183930719973,23.94190062353689,2.0,41.6256086066322,1.7386091965359989,23.94190062353689,smooth_fair_pe_pit_truth_xnys_v5
2017-04-12,SIDEWAYS,26.539442918772348,3.4772183930719973,23.852887619954817,2.0,41.47084977999312,1.7386091965359989,23.852887619954817,smooth_fair_pe_pit_truth_xnys_v5
2017-04-13,SIDEWAYS,26.444642686921576,3.4772183930719973,24.165739713648858,2.0,42.01477730724511,1.7386091965359989,24.165739713648858,smooth_fair_pe_pit_truth_xnys_v5
2017-04-17,SIDEWAYS,26.352538508953607,3.4772183930719973,23.911275444851004,2.0,41.57236338932336,1.7386091965359989,23.911275444851004,smooth_fair_pe_pit_truth_xnys_v5
2017-04-18,SIDEWAYS,26.26304580512643,3.4772183930719973,25.08208858865132,2.0,43.607949888559816,1.7386091965359989,25.08208858865132,smooth_fair_pe_pit_truth_xnys_v5
2017-04-19,SIDEWAYS,26.1760830407933,3.4772183930719973,25.470989729184872,2.0,44.28409698803478,1.7386091965359989,25.470989729184872,smooth_fair_pe_pit_truth_xnys_v5
2017-04-20,SIDEWAYS,26.09157159795654,3.4772183930719973,26.03450179561685,2.0,45.26382424909244,1.7386091965359989,26.03450179561685,smooth_fair_pe_pit_truth_xnys_v5
2017-04-21,SIDEWAYS,26.00943565311592,3.4772183930719973,26.33017060010669,2.0,45.77787675170727,1.7386091965359989,26.33017060010669,smooth_fair_pe_pit_truth_xnys_v5
2017-04-24,SIDEWAYS,25.929602061061964,3.4772183930719973,27.11962210894771,2.0,47.15042440519749,1.7386091965359989,27.11962210894771,smooth_fair_pe_pit_truth_xnys_v5
2017-04-25,BULL,26.045637859414025,3.4772183930719973,26.785593994137088,2.0,46.56968005288616,1.7386091965359989,26.785593994137088,smooth_fair_pe_pit_truth_xnys_v5
2017-04-26,BULL,26.159272697965807,3.4772183930719973,25.647433826386607,2.0,44.59086431810421,1.7386091965359989,25.647433826386607,smooth_fair_pe_pit_truth_xnys_v5
2017-04-27,BULL,26.270543990297607,3.4772183930719973,25.58083553219845,2.0,44.47507591135506,1.7386091965359989,25.58083553219845,smooth_fair_pe_pit_truth_xnys_v5
2017-04-28,BULL,26.37948918763805,3.4772183930719973,25.98777296746361,2.0,45.182581078721846,1.7386091965359989,25.98777296746361,smooth_fair_pe_pit_truth_xnys_v5
2017-05-01,BULL,26.48614573960411,3.4772183930719973,26.18760246808629,2.0,45.53000648624364,1.7386091965359989,26.18760246808629,smooth_fair_pe_pit_truth_xnys_v5
2017-05-02,BULL,26.590551057173613,3.4772183930719973,26.439494440865143,2.0,45.96794818665055,1.7386091965359989,26.439494440865143,smooth_fair_pe_pit_truth_xnys_v5
2017-05-03,BULL,26.692742477813177,3.4772183930719973,27.18901082449032,2.0,47.271064264175685,1.7386091965359989,27.18901082449032,smooth_fair_pe_pit_truth_xnys_v5
2017-05-04,BULL,26.792757232685183,3.4772183930719973,27.44885710396216,2.0,47.72283539535109,1.7386091965359989,27.44885710396216,smooth_fair_pe_pit_truth_xnys_v5
2017-05-05,BULL,26.890632415857976,3.4772183930719973,27.90762023940849,2.0,48.52044520166978,1.7386091965359989,27.90762023940849,smooth_fair_pe_pit_truth_xnys_v5
2017-05-08,BULL,26.986404955444648,3.4772183930719973,27.47607351765812,2.0,47.77015410249961,1.7386091965359989,27.47607351765812,smooth_fair_pe_pit_truth_xnys_v5
2017-05-09,BULL,27.08011158659644,3.4772183930719973,27.00402405846836,2.0,46.949444571532446,1.7386091965359989,27.00402405846836,smooth_fair_pe_pit_truth_xnys_v5
2017-05-10,BULL,27.171788826278405,3.4772183930719973,27.89893332688888,2.0,48.50534205567367,1.7386091965359989,27.89893332688888,smooth_fair_pe_pit_truth_xnys_v5
2017-05-11,BULL,27.26147294975597,3.4772183930719973,27.997503081819648,2.0,48.67671633809661,1.7386091965359989,27.997503081819648,smooth_fair_pe_pit_truth_xnys_v5
2017-05-12,BULL,27.349199968722377,3.4772183930719973,27.72990882211656,2.0,48.211474497236566,1.7386091965359989,27.72990882211656,smooth_fair_pe_pit_truth_xnys_v5
2017-05-15,BULL,27.435005610998857,3.4772183930719973,27.484700686524192,2.0,47.78515337763024,1.7386091965359989,27.484700686524192,smooth_fair_pe_pit_truth_xnys_v5
2017-05-16,BULL,27.518925301740296,3.4772183930719973,27.24556884146997,2.0,47.36939655263436,1.7386091965359989,27.24556884146997,smooth_fair_pe_pit_truth_xnys_v5
2017-05-17,BEAR,27.18954285034833,3.4772183930719973,26.59403925770467,2.0,46.23664122648472,1.7386091965359989,26.59403925770467,smooth_fair_pe_pit_truth_xnys_v5
2017-05-18,BEAR,26.87219120858236,3.4772183930719973,25.71767979633808,2.0,44.71299460748144,1.7386091965359989,25.71767979633808,smooth_fair_pe_pit_truth_xnys_v5
2017-05-19,BEAR,26.56634003402753,3.4772183930719973,24.812782637816543,2.0,43.1397320857566,1.7386091965359989,24.812782637816543,smooth_fair_pe_pit_truth_xnys_v5
2017-05-22,BEAR,26.271487109852693,3.4772183930719973,24.551801741722,2.0,42.68598829968642,1.7386091965359989,24.551801741722,smooth_fair_pe_pit_truth_xnys_v5
2017-05-23,BEAR,25.987156601281388,3.4772183930719973,24.126063834669257,2.0,41.94579645917053,1.7386091965359989,24.126063834669257,smooth_fair_pe_pit_truth_xnys_v5
2017-05-24,BEAR,25.712897434646003,3.4772183930719973,24.46076644883829,2.0,42.52771350226945,1.7386091965359989,24.46076644883829,smooth_fair_pe_pit_truth_xnys_v5
2017-05-25,BEAR,25.44828178945888,3.4772183930719973,24.410093015593297,2.0,42.439612205209656,1.7386091965359989,24.410093015593297,smooth_fair_pe_pit_truth_xnys_v5
2017-05-26,BEAR,25.19290369475077,3.4772183930719973,24.34157108818372,2.0,42.32047935205099,1.7386091965359989,24.34157108818372,smooth_fair_pe_pit_truth_xnys_v5
2017-05-30,BULL,25.32388386415563,3.4772183930719973,24.192863435046004,2.0,42.06193485871047,1.7386091965359989,24.192863435046004,smooth_fair_pe_pit_truth_xnys_v5
2017-05-31,BULL,25.45224515476624,3.4772183930719973,24.32918300968018,2.0,42.29894132483732,1.7386091965359989,24.32918300968018,smooth_fair_pe_pit_truth_xnys_v5
2017-06-01,BULL,25.578023826794865,3.4772183930719973,24.67552398539733,2.0,42.90109293035641,1.7386091965359989,24.67552398539733,smooth_fair_pe_pit_truth_xnys_v5
2017-06-02,BULL,25.70125645983589,3.4772183930719973,25.17030655901909,2.0,43.76132646314096,1.7386091965359989,25.17030655901909,smooth_fair_pe_pit_truth_xnys_v5
2017-06-05,BULL,25.821979898837164,3.4772183930719973,25.27747321482095,2.0,43.94764739648008,1.7386091965359989,25.27747321482095,smooth_fair_pe_pit_truth_xnys_v5
2017-06-06,BULL,25.94023120275832,3.4772183930719973,25.92442607448753,2.0,45.07244558802166,1.7386091965359989,25.92442607448753,smooth_fair_pe_pit_truth_xnys_v5
2017-06-07,BULL,26.05604759584052,3.4772183930719973,26.04486935040894,2.0,45.28184937519955,1.7386091965359989,26.04486935040894,smooth_fair_pe_pit_truth_xnys_v5
2017-06-08,BULL,26.16946642141117,3.4772183930719973,26.534909926237223,2.0,46.1338384270104,1.7386091965359989,26.534909926237223,smooth_fair_pe_pit_truth_xnys_v5
2017-06-09,BULL,26.28052509814647,3.4772183930719973,26.39162316010216,2.0,45.88471873766607,1.7386091965359989,26.39162316010216,smooth_fair_pe_pit_truth_xnys_v5
2017-06-12,BULL,26.38926107871437,3.4772183930719973,25.64364881894149,2.0,44.584283669351166,1.7386091965359989,25.64364881894149,smooth_fair_pe_pit_truth_xnys_v5
2017-06-13,BULL,26.495711810720337,3.4772183930719973,25.91629231407901,2.0,45.05830415737299,1.7386091965359989,25.91629231407901,smooth_fair_pe_pit_truth_xnys_v5
2017-06-14,BULL,26.59991469987864,3.4772183930719973,26.395127363272945,2.0,45.89081117752533,1.7386091965359989,26.395127363272945,smooth_fair_pe_pit_truth_xnys_v5
2017-06-15,BULL,26.70190707533206,3.4772183930719973,26.78458058229072,2.0,46.56791812573018,1.7386091965359989,26.78458058229072,smooth_fair_pe_pit_truth_xnys_v5
2017-06-16,BULL,26.80172615704374,3.4772183930719973,27.08476934022746,2.0,47.08982906097572,1.7386091965359989,27.08476934022746,smooth_fair_pe_pit_truth_xnys_v5
2017-06-19,BULL,26.899409025185506,3.4772183930719973,26.996431612724173,2.0,46.93624427553741,1.7386091965359989,26.996431612724173,smooth_fair_pe_pit_truth_xnys_v5
2017-06-20,BULL,26.99499259144789,3.4772183930719973,26.696015225406384,2.0,46.41393758175658,1.7386091965359989,26.696015225406384,smooth_fair_pe_pit_truth_xnys_v5
2017-06-21,BULL,27.088513572198288,3.4772183930719973,27.073950803396187,2.0,47.0710198533478,1.7386091965359989,27.073950803396187,smooth_fair_pe_pit_truth_xnys_v5
2017-06-22,BULL,27.1800084634148,3.4772183930719973,27.375605162145096,2.0,47.59547889564382,1.7386091965359989,27.375605162145096,smooth_fair_pe_pit_truth_xnys_v5
2017-06-23,BULL,27.26951351732447,3.4772183930719973,27.17815466495093,2.0,47.25218964536144,1.7386091965359989,27.17815466495093,smooth_fair_pe_pit_truth_xnys_v5
2017-06-26,BULL,27.357064720676327,3.4772183930719973,27.82096701283944,2.0,48.3697891050473,1.7386091965359989,27.82096701283944,smooth_fair_pe_pit_truth_xnys_v5
2017-06-27,BULL,27.44269777458084,3.4772183930719973,27.44035575913949,2.0,47.70805487905947,1.7386091965359989,27.44035575913949,smooth_fair_pe_pit_truth_xnys_v5
2017-06-28,BULL,27.526448075849,3.4772183930719973,27.23665414397776,2.0,47.353897377590044,1.7386091965359989,27.23665414397776,smooth_fair_pe_pit_truth_xnys_v5
2017-06-29,BULL,27.60835069976598,3.4772183930719973,28.152194681534827,2.0,48.94566457598828,1.7386091965359989,28.152194681534827,smooth_fair_pe_pit_truth_xnys_v5
2017-06-30,BULL,27.68844038423574,3.4772183930719973,28.64520577709967,2.0,49.8028182007316,1.7386091965359989,28.64520577709967,smooth_fair_pe_pit_truth_xnys_v5
2017-07-03,BULL,27.76675151523487,3.4772183930719973,28.48358521701434,2.0,49.52182320861795,1.7386091965359989,28.48358521701434,smooth_fair_pe_pit_truth_xnys_v5
2017-07-05,BULL,27.843318113515387,3.4772183930719973,28.76392844856513,2.0,50.00923052917878,1.7386091965359989,28.76392844856513,smooth_fair_pe_pit_truth_xnys_v5
2017-07-06,BULL,27.91817382249832,3.4772183930719973,28.87122146656313,2.0,50.19577115699421,1.7386091965359989,28.87122146656313,smooth_fair_pe_pit_truth_xnys_v5
2017-07-07,BULL,27.99135189730124,3.4890503193022773,27.4079970130976,2.0,47.81394036499202,1.7445251596511386,27.4079970130976,smooth_fair_pe_pit_truth_xnys_v5
2017-07-10,BULL,28.062885194844903,3.4890503193022773,27.06751330430428,2.0,47.21995796855074,1.7445251596511386,27.06751330430428,smooth_fair_pe_pit_truth_xnys_v5
2017-07-11,BULL,28.13280616498594,3.4890503193022773,27.168937055371536,2.0,47.39689425407376,1.7445251596511386,27.168937055371536,smooth_fair_pe_pit_truth_xnys_v5
2017-07-12,BULL,28.20114684262401,3.4890503193022773,27.1173376574345,2.0,47.30687780614976,1.7445251596511386,27.1173376574345,smooth_fair_pe_pit_truth_xnys_v5
2017-07-13,BULL,28.267938840733965,3.4890503193022773,27.3670055501164,2.0,47.7424297264904,1.7445251596511386,27.3670055501164,smooth_fair_pe_pit_truth_xnys_v5
2017-07-14,BULL,28.33321334427489,3.4890503193022773,28.04803777453851,2.0,48.930507576527965,1.7445251596511386,28.04803777453851,smooth_fair_pe_pit_truth_xnys_v5
2017-07-17,BULL,28.39700110492985,3.4890503193022773,27.9659250367804,2.0,48.787259839581104,1.7445251596511386,27.9659250367804,smooth_fair_pe_pit_truth_xnys_v5
2017-07-18,BULL,28.45933243663177,3.4890503193022773,27.52402929221727,2.0,48.01636159524795,1.7445251596511386,27.52402929221727,smooth_fair_pe_pit_truth_xnys_v5
2017-07-19,BULL,28.520237211832537,3.4890503193022773,27.800375432717885,2.0,48.49845439012376,1.7445251596511386,27.800375432717885,smooth_fair_pe_pit_truth_xnys_v5
2017-07-20,BULL,28.579744858473944,3.4890503193022773,27.737589111223624,2.0,48.38892207259508,1.7445251596511386,27.737589111223624,smooth_fair_pe_pit_truth_xnys_v5
2017-07-21,BULL,28.637884357620877,3.4890503193022773,27.765831070150213,2.0,48.43819088050034,1.7445251596511386,27.765831070150213,smooth_fair_pe_pit_truth_xnys_v5
2017-07-24,BULL,28.694684241718576,3.4890503193022773,27.72656880526756,2.0,48.369696871587664,1.7445251596511386,27.72656880526756,smooth_fair_pe_pit_truth_xnys_v5
2017-07-25,BULL,28.75017259343734,3.4890503193022773,28.9837499315177,2.0,50.5628809765696,1.7445251596511386,28.9837499315177,smooth_fair_pe_pit_truth_xnys_v5
2017-07-26,BULL,28.80437704506952,3.4890503193022773,27.876965585726406,2.0,48.63206783902866,1.7445251596511386,27.876965585726406,smooth_fair_pe_pit_truth_xnys_v5
2017-07-27,BULL,28.857324778445253,3.4890503193022773,27.78818205595958,2.0,48.4771827375878,1.7445251596511386,27.78818205595958,smooth_fair_pe_pit_truth_xnys_v5
2017-07-28,BULL,28.909042525334588,3.4890503193022773,27.899260621006174,2.0,48.67096208900953,1.7445251596511386,27.899260621006174,smooth_fair_pe_pit_truth_xnys_v5
2017-07-31,BULL,28.959556568305224,3.4890503193022773,27.616645719676267,2.0,48.177933283147176,1.7445251596511386,27.616645719676267,smooth_fair_pe_pit_truth_xnys_v5
2017-08-01,BULL,29.008892742006303,3.4890503193022773,28.1956194984756,2.0,49.187967607040896,1.7445251596511386,28.1956194984756,smooth_fair_pe_pit_truth_xnys_v5
2017-08-02,BULL,29.057076434850003,3.4890503193022773,28.70786234527188,2.0,50.081588141128336,1.7445251596511386,28.70786234527188,smooth_fair_pe_pit_truth_xnys_v5
2017-08-03,BULL,29.10413259106412,3.4890503193022773,28.75049662964849,2.0,50.15596472288706,1.7445251596511386,28.75049662964849,smooth_fair_pe_pit_truth_xnys_v5
2017-08-04,BULL,29.1500857130898,3.4890503193022773,28.6769624239386,2.0,50.02768245093119,1.7445251596511386,28.6769624239386,smooth_fair_pe_pit_truth_xnys_v5
2017-08-07,BULL,29.19495986429993,3.4890503193022773,28.69144324508016,2.0,50.052944607745054,1.7445251596511386,28.69144324508016,smooth_fair_pe_pit_truth_xnys_v5
2017-08-08,BEAR,28.8029127279629,3.4890503193022773,28.282324524326462,2.0,49.33922670610593,1.7445251596511386,28.282324524326462,smooth_fair_pe_pit_truth_xnys_v5
2017-08-09,BEAR,28.425736200546424,3.4890503193022773,27.90313671542196,2.0,48.67772403323904,1.7445251596511386,27.90313671542196,smooth_fair_pe_pit_truth_xnys_v5
2017-08-10,BEAR,28.06274508993989,3.4890503193022773,27.48434131165504,2.0,47.94712491462139,1.7445251596511386,27.48434131165504,smooth_fair_pe_pit_truth_xnys_v5
2017-08-11,BEAR,27.713292183139227,3.4890503193022773,27.299799893248117,2.0,47.6251877672128,1.7445251596511386,27.299799893248117,smooth_fair_pe_pit_truth_xnys_v5
2017-08-14,BEAR,27.376765792643905,3.4890503193022773,27.36108330059593,2.0,47.73209821320021,1.7445251596511386,27.36108330059593,smooth_fair_pe_pit_truth_xnys_v5
2017-08-15,BEAR,27.052587482179483,3.4890503193022773,26.44585275092029,2.0,46.135455492409726,1.7445251596511386,26.44585275092029,smooth_fair_pe_pit_truth_xnys_v5
2017-08-16,BEAR,26.74020995722244,3.4890503193022773,25.685693546914894,2.0,44.80933863568193,1.7445251596511386,25.685693546914894,smooth_fair_pe_pit_truth_xnys_v5
2017-08-17,BEAR,26.43911510708948,3.4890503193022773,24.66908942222319,2.0,43.03584716275213,1.7445251596511386,24.66908942222319,smooth_fair_pe_pit_truth_xnys_v5
2017-08-18,BEAR,26.14881218651536,3.4890503193022773,24.88494505358721,2.0,43.41241274251903,1.7445251596511386,24.88494505358721,smooth_fair_pe_pit_truth_xnys_v5
2017-08-21,BEAR,25.868836125695243,3.4890503193022773,24.803295036987684,2.0,43.26997223427524,1.7445251596511386,24.803295036987684,smooth_fair_pe_pit_truth_xnys_v5
2017-08-22,BEAR,25.598745958720134,3.4890503193022773,24.83116288535973,2.0,43.31858839690562,1.7445251596511386,24.83116288535973,smooth_fair_pe_pit_truth_xnys_v5
2017-08-23,BEAR,25.33812336119772,3.4890503193022773,23.99779255951644,2.0,41.86475289616532,1.7445251596511386,23.99779255951644,smooth_fair_pe_pit_truth_xnys_v5
2017-08-24,BEAR,25.08657128863432,3.4890503193022773,24.615452404496825,2.0,42.94227603583983,1.7445251596511386,24.615452404496825,smooth_fair_pe_pit_truth_xnys_v5
2017-08-25,BEAR,24.84371270786502,3.4890503193022773,24.138898628453884,2.0,42.11091598360616,1.7445251596511386,24.138898628453884,smooth_fair_pe_pit_truth_xnys_v5
2017-08-28,BEAR,24.609189414465373,3.4890503193022773,24.024984696624344,2.0,41.91219026349474,1.7445251596511386,24.024984696624344,smooth_fair_pe_pit_truth_xnys_v5
2017-08-29,BEAR,24.382660929665565,3.4890503193022773,24.2076116265587,2.0,42.23078753759507,1.7445251596511386,24.2076116265587,smooth_fair_pe_pit_truth_xnys_v5
2017-08-30,BEAR,24.163803470822906,3.4890503193022773,23.57807639771668,2.0,41.13254749199344,1.7445251596511386,23.57807639771668,smooth_fair_pe_pit_truth_xnys_v5
2017-08-31,BEAR,23.95230898999513,3.4890503193022773,23.177100017741257,2.0,40.43303410870048,1.7445251596511386,23.177100017741257,smooth_fair_pe_pit_truth_xnys_v5
2017-09-01,BEAR,23.747884275600885,3.4890503193022773,23.09907401150752,2.0,40.296915777718624,1.7445251596511386,23.09907401150752,smooth_fair_pe_pit_truth_xnys_v5
2017-09-05,BEAR,23.55025011255824,3.4890503193022773,24.15598313516174,2.0,42.14072033539825,1.7445251596511386,24.15598313516174,smooth_fair_pe_pit_truth_xnys_v5
2017-09-06,BEAR,23.3591404966613,3.4890503193022773,24.05350025689816,2.0,41.96193637583397,1.7445251596511386,24.05350025689816,smooth_fair_pe_pit_truth_xnys_v5
2017-09-07,BEAR,23.17430189929211,3.4890503193022773,24.520098353549965,2.0,42.775928494888376,1.7445251596511386,24.520098353549965,smooth_fair_pe_pit_truth_xnys_v5
2017-09-08,BEAR,22.995492578873076,3.4890503193022773,24.780635577403864,2.0,43.23044223692716,1.7445251596511386,24.780635577403864,smooth_fair_pe_pit_truth_xnys_v5
2017-09-11,BEAR,22.82248193574678,3.4890503193022773,24.646840682143,2.0,42.997033675911695,1.7445251596511386,24.646840682143,smooth_fair_pe_pit_truth_xnys_v5
2017-09-12,BEAR,22.65504990742792,3.4890503193022773,23.923607308374272,2.0,41.73533485907277,1.7445251596511386,23.923607308374272,smooth_fair_pe_pit_truth_xnys_v5
2017-09-13,BEAR,22.492986401407745,3.4890503193022773,24.130897597659573,2.0,42.09695798408234,1.7445251596511386,24.130897597659573,smooth_fair_pe_pit_truth_xnys_v5
2017-09-14,BEAR,22.336090762908064,3.4890503193022773,23.22687385804568,2.0,40.519865825404,1.7445251596511386,23.22687385804568,smooth_fair_pe_pit_truth_xnys_v5
2017-09-15,BEAR,22.184171275179505,3.4890503193022773,23.687668229921066,2.0,41.32373320056625,1.7445251596511386,23.687668229921066,smooth_fair_pe_pit_truth_xnys_v5
2017-09-18,BEAR,22.037044690120915,3.4890503193022773,23.522702177779184,2.0,41.03594577211642,1.7445251596511386,23.522702177779184,smooth_fair_pe_pit_truth_xnys_v5
2017-09-19,BEAR,21.89453578716356,3.4890503193022773,22.194837691856893,2.0,38.71945276781776,1.7445251596511386,22.194837691856893,smooth_fair_pe_pit_truth_xnys_v5
2017-09-20,BULL,22.0857112779183,3.4890503193022773,22.23365230603889,2.0,38.78716583882041,1.7445251596511386,22.23365230603889,smooth_fair_pe_pit_truth_xnys_v5
2017-09-21,BULL,22.273714466502827,3.4890503193022773,22.67932940574925,2.0,39.56466075234548,1.7445251596511386,22.67932940574925,smooth_fair_pe_pit_truth_xnys_v5
2017-09-22,BULL,22.45855831771567,3.4890503193022773,22.745542238049183,2.0,39.68017070418447,1.7445251596511386,22.745542238049183,smooth_fair_pe_pit_truth_xnys_v5
2017-09-25,BULL,22.640257897926265,3.4890503193022773,23.208888400993946,2.0,40.488489743069415,1.7445251596511386,23.208888400993946,smooth_fair_pe_pit_truth_xnys_v5
2017-09-26,BULL,22.818830255933666,3.4890503193022773,23.002501919511797,2.0,40.12844333351193,1.7445251596511386,23.002501919511797,smooth_fair_pe_pit_truth_xnys_v5
2017-09-27,BULL,22.99429430698557,3.4890503193022773,22.629951582142056,2.0,39.47851989673391,1.7445251596511386,22.629951582142056,smooth_fair_pe_pit_truth_xnys_v5
2017-09-28,BULL,23.16667072003116,3.4890503193022773,22.79212627851128,2.0,39.7614377348088,1.7445251596511386,22.79212627851128,smooth_fair_pe_pit_truth_xnys_v5
2017-09-29,BULL,23.33598180826502,3.4890503193022773,22.9942251479646,2.0,40.11400429730717,1.7445251596511386,22.9942251479646,smooth_fair_pe_pit_truth_xnys_v5
2017-10-02,BULL,23.502251423005035,3.4890503193022773,23.03367222963321,2.0,40.18282072375288,1.7445251596511386,23.03367222963321,smooth_fair_pe_pit_truth_xnys_v5
2017-10-03,BULL,23.66550485093352,3.4890503193022773,23.570080982941665,2.0,41.118599289756574,1.7445251596511386,23.570080982941665,smooth_fair_pe_pit_truth_xnys_v5
2017-10-04,BULL,23.825768714718325,3.4890503193022773,23.3648792149614,2.0,40.76061964271011,1.7445251596511386,23.3648792149614,smooth_fair_pe_pit_truth_xnys_v5
2017-10-05,BULL,23.98307087701928,3.4640163915801687,23.840654776807288,2.0,41.29220946643225,1.7320081957900844,23.840654776807288,smooth_fair_pe_pit_truth_xnys_v5
2017-10-06,BULL,24.13744034787466,3.4640163915801687,24.032067768183325,2.0,41.62373833627624,1.7320081957900844,24.032067768183325,smooth_fair_pe_pit_truth_xnys_v5
2017-10-09,BULL,24.28890719545306,3.4640163915801687,23.52082711604228,2.0,40.73826533674688,1.7320081957900844,23.52082711604228,smooth_fair_pe_pit_truth_xnys_v5
2017-10-10,BULL,24.43750246014717,3.4640163915801687,23.15407844408288,2.0,40.10305363111807,1.7320081957900844,23.15407844408288,smooth_fair_pe_pit_truth_xnys_v5
2017-10-11,BULL,24.583258071978133,3.4640163915801687,23.37270584226189,2.0,40.48171807658839,1.7320081957900844,23.37270584226189,smooth_fair_pe_pit_truth_xnys_v5
2017-10-12,BULL,24.72620677127216,3.4640163915801687,24.4360222850694,2.0,42.32339087024934,1.7320081957900844,24.4360222850694,smooth_fair_pe_pit_truth_xnys_v5
2017-10-13,SIDEWAYS,24.68151165466735,3.4640163915801687,24.664977086887195,2.0,42.71994246346326,1.7320081957900844,24.664977086887195,smooth_fair_pe_pit_truth_xnys_v5
2017-10-16,SIDEWAYS,24.63801170367532,3.4640163915801687,23.86944243247952,2.0,41.34206992199414,1.7320081957900844,23.86944243247952,smooth_fair_pe_pit_truth_xnys_v5
2017-10-17,SIDEWAYS,24.595673068031545,3.4640163915801687,22.573843581361974,2.0,39.098082093402326,1.7320081957900844,22.573843581361974,smooth_fair_pe_pit_truth_xnys_v5
2017-10-18,SIDEWAYS,24.554462949547105,3.4640163915801687,22.95318366902137,2.0,39.75510223422013,1.7320081957900844,22.95318366902137,smooth_fair_pe_pit_truth_xnys_v5
2017-10-19,SIDEWAYS,24.514349564911143,3.4640163915801687,22.968783148206786,2.0,39.78212066001933,1.7320081957900844,22.968783148206786,smooth_fair_pe_pit_truth_xnys_v5
2017-10-20,SIDEWAYS,24.475302110016905,3.4640163915801687,23.499803809059724,2.0,40.70185279675049,1.7320081957900844,23.499803809059724,smooth_fair_pe_pit_truth_xnys_v5
2017-10-23,SIDEWAYS,24.437290725739697,3.4640163915801687,23.15070513942275,2.0,40.09721103979983,1.7320081957900844,23.15070513942275,smooth_fair_pe_pit_truth_xnys_v5
2017-10-24,SIDEWAYS,24.40028646509884,3.4640163915801687,23.337435970370404,2.0,40.42063036940786,1.7320081957900844,23.337435970370404,smooth_fair_pe_pit_truth_xnys_v5
2017-10-25,SIDEWAYS,24.36426126173926,3.4640163915801687,23.72393697990556,2.0,41.09005328560389,1.7320081957900844,23.72393697990556,smooth_fair_pe_pit_truth_xnys_v5
2017-10-26,SIDEWAYS,24.329187899671904,3.4640163915801687,23.53732791151202,2.0,40.76684484973752,1.7320081957900844,23.53732791151202,smooth_fair_pe_pit_truth_xnys_v5
2017-10-27,SIDEWAYS,24.295039984214984,3.4640163915801687,23.371067602175483,2.0,40.47888063133205,1.7320081957900844,23.371067602175483,smooth_fair_pe_pit_truth_xnys_v5
2017-10-30,SIDEWAYS,24.261791914081314,3.4640163915801687,23.40408346355632,2.0,40.53606437383473,1.7320081957900844,23.40408346355632,smooth_fair_pe_pit_truth_xnys_v5
2017-10-31,SIDEWAYS,24.229418854559803,3.4640163915801687,23.65330874129048,2.0,40.967724597468354,1.7320081957900844,23.65330874129048,smooth_fair_pe_pit_truth_xnys_v5
2017-11-01,SIDEWAYS,24.19789671174164,3.4640163915801687,23.65056575489595,2.0,40.96297372255209,1.7320081957900844,23.65056575489595,smooth_fair_pe_pit_truth_xnys_v5
2017-11-02,SIDEWAYS,24.167202107744377,3.4640163915801687,24.07135162145561,2.0,41.69177829210605,1.7320081957900844,24.07135162145561,smooth_fair_pe_pit_truth_xnys_v5
2017-11-03,SIDEWAYS,24.1373123568895,3.4640163915801687,23.84819317894434,2.0,41.30526604071678,1.7320081957900844,23.84819317894434,smooth_fair_pe_pit_truth_xnys_v5
2017-11-06,BEAR,23.926705870653457,3.4640163915801687,23.09824706111864,2.0,40.00635321824171,1.7320081957900844,23.09824706111864,smooth_fair_pe_pit_truth_xnys_v5
2017-11-07,BEAR,23.723133954392026,3.4640163915801687,23.78159707720908,2.0,41.18992104670364,1.7320081957900844,23.78159707720908,smooth_fair_pe_pit_truth_xnys_v5
2017-11-08,BEAR,23.52631906471525,3.4640163915801687,23.32556634387398,2.0,40.40007207903509,1.7320081957900844,23.32556634387398,smooth_fair_pe_pit_truth_xnys_v5
2017-11-09,BEAR,23.335996775725967,3.4640163915801687,22.91311818101368,2.0,39.68570848062248,1.7320081957900844,22.91311818101368,smooth_fair_pe_pit_truth_xnys_v5
2017-11-10,BEAR,23.151915049688075,3.4640163915801687,22.73038985847709,2.0,39.36922152838613,1.7320081957900844,22.73038985847709,smooth_fair_pe_pit_truth_xnys_v5
2017-11-13,BEAR,22.97383355401176,3.4640163915801687,22.607753624368573,2.0,39.15681456580936,1.7320081957900844,22.607753624368573,smooth_fair_pe_pit_truth_xnys_v5
2017-11-14,BEAR,22.80152302127562,3.4640163915801687,22.304040198933038,2.0,38.63078042378352,1.7320081957900844,22.304040198933038,smooth_fair_pe_pit_truth_xnys_v5
2017-11-15,BEAR,22.6347646492606,3.4640163915801687,22.16328845360484,2.0,38.38699724730333,1.7320081957900844,22.16328845360484,smooth_fair_pe_pit_truth_xnys_v5
2017-11-16,BEAR,22.47334953820393,3.4640163915801687,22.017281546369087,2.0,38.13411208732904,1.7320081957900844,22.017281546369087,smooth_fair_pe_pit_truth_xnys_v5
2017-11-17,BEAR,22.317078162695427,3.4640163915801687,21.960088487209035,2.0,38.03505324012152,1.7320081957900844,21.960088487209035,smooth_fair_pe_pit_truth_xnys_v5
2017-11-20,BEAR,22.16575987583416,3.4640163915801687,20.92523683220776,2.0,36.24268169223238,1.7320081957900844,20.92523683220776,smooth_fair_pe_pit_truth_xnys_v5
2017-11-21,BEAR,22.01921244344384,3.4640163915801687,21.577128582493675,2.0,37.37176354649553,1.7320081957900844,21.577128582493675,smooth_fair_pe_pit_truth_xnys_v5
2017-11-22,BEAR,21.877261606310004,3.4640163915801687,21.40730117001392,2.0,37.07762107621077,1.7320081957900844,21.40730117001392,smooth_fair_pe_pit_truth_xnys_v5
2017-11-24,BEAR,21.73974066855414,3.4640163915801687,21.52425269850865,2.0,37.28018208207382,1.7320081957900844,21.52425269850865,smooth_fair_pe_pit_truth_xnys_v5
2017-11-27,BEAR,21.60649011039883,3.4640163915801687,20.880672905355222,2.0,36.1654966056872,1.7320081957900844,20.880672905355222,smooth_fair_pe_pit_truth_xnys_v5
2017-11-28,BEAR,21.477357223706647,3.4640163915801687,20.62289074523426,2.0,35.71901579162922,1.7320081957900844,20.62289074523426,smooth_fair_pe_pit_truth_xnys_v5
2017-11-29,BEAR,21.35219576879318,3.4640163915801687,20.30548773865708,2.0,35.16927118286913,1.7320081957900844,20.30548773865708,smooth_fair_pe_pit_truth_xnys_v5
2017-11-30,BEAR,21.23086565112341,3.4640163915801687,20.79397917921478,2.0,36.01534236148837,1.7320081957900844,20.79397917921478,smooth_fair_pe_pit_truth_xnys_v5
2017-12-01,BEAR,21.11323261660051,3.4640163915801687,20.487405341452984,2.0,35.48435396187012,1.7320081957900844,20.487405341452984,smooth_fair_pe_pit_truth_xnys_v5
2017-12-04,BEAR,20.99916796424845,3.4640163915801687,20.694003598382448,2.0,35.8421838361079,1.7320081957900844,20.694003598382448,smooth_fair_pe_pit_truth_xnys_v5
2017-12-05,BEAR,20.88854827517501,3.4640163915801687,20.363274370781845,2.0,35.26935810331633,1.7320081957900844,20.363274370781845,smooth_fair_pe_pit_truth_xnys_v5
2017-12-06,BEAR,20.781255156779945,3.4640163915801687,20.12502876825529,2.0,34.85671476712939,1.7320081957900844,20.12502876825529,smooth_fair_pe_pit_truth_xnys_v5
2017-12-07,BEAR,20.677175001245978,3.4640163915801687,19.97434353442433,2.0,34.59572670714962,1.7320081957900844,19.97434353442433,smooth_fair_pe_pit_truth_xnys_v5
2017-12-08,BEAR,20.57619875741676,3.4640163915801687,20.383735842720533,2.0,35.30479754041207,1.7320081957900844,20.383735842720533,smooth_fair_pe_pit_truth_xnys_v5
2017-12-11,BEAR,20.47822171522823,3.4640163915801687,19.619241464471614,2.0,33.98068701164949,1.7320081957900844,19.619241464471614,smooth_fair_pe_pit_truth_xnys_v5
2017-12-12,BEAR,20.383143301916856,3.4640163915801687,19.120215967765347,2.0,33.11637076144602,1.7320081957900844,19.120215967765347,smooth_fair_pe_pit_truth_xnys_v5
2017-12-13,BEAR,20.290866889281126,3.4640163915801687,18.448721268714287,2.0,31.95333643925999,1.7320081957900844,18.448721268714287,smooth_fair_pe_pit_truth_xnys_v5
2017-12-14,BEAR,20.201299611321836,3.4640163915801687,18.114389686419734,2.0,31.37427139861436,1.7320081957900844,18.114389686419734,smooth_fair_pe_pit_truth_xnys_v5
2017-12-15,BEAR,20.114352191632005,3.4640163915801687,17.891520943601105,2.0,30.98826090946706,1.7320081957900844,17.891520943601105,smooth_fair_pe_pit_truth_xnys_v5
2017-12-18,BEAR,20.029938779949457,3.4640163915801687,17.428157453270572,2.0,30.185711546584677,1.7320081957900844,17.428157453270572,smooth_fair_pe_pit_truth_xnys_v5
2017-12-19,BEAR,19.94797679732387,3.4640163915801687,17.27258515704153,2.0,29.91625905447809,1.7320081957900844,17.27258515704153,smooth_fair_pe_pit_truth_xnys_v5
2017-12-20,BEAR,19.86838678938661,3.4640163915801687,16.73493215515982,2.0,28.98503964872783,1.7320081957900844,16.73493215515982,smooth_fair_pe_pit_truth_xnys_v5
2017-12-21,BEAR,19.791092287244982,3.4640163915801687,16.536572870221363,2.0,28.64147974150336,1.7320081957900844,16.536572870221363,smooth_fair_pe_pit_truth_xnys_v5
2017-12-22,BEAR,19.716019675553834,3.4640163915801687,17.016118072488617,2.0,29.472055962082056,1.7320081957900844,17.016118072488617,smooth_fair_pe_pit_truth_xnys_v5
2017-12-26,BEAR,19.643098067346383,3.4640163915801687,17.228351618263023,2.0,29.83964620278492,1.7320081957900844,17.228351618263023,smooth_fair_pe_pit_truth_xnys_v5
2017-12-27,BEAR,19.57225918523311,3.4640163915801687,17.360337615546374,2.0,30.06824703180921,1.7320081957900844,17.360337615546374,smooth_fair_pe_pit_truth_xnys_v5
2017-12-28,BEAR,19.503437248602463,3.4640163915801687,17.112533524451038,2.0,29.639048315081777,1.7320081957900844,17.112533524451038,smooth_fair_pe_pit_truth_xnys_v5
2017-12-29,BEAR,19.43656886648056,3.4640163915801687,16.719470862978667,2.0,28.958260563952567,1.7320081957900844,16.719470862978667,smooth_fair_pe_pit_truth_xnys_v5
2018-01-02,BEAR,19.37159293572861,3.4640163915801687,16.47354097953397,2.0,28.53230799023665,1.7320081957900844,16.47354097953397,smooth_fair_pe_pit_truth_xnys_v5
2018-01-03,BULL,19.600639605298387,1.7320081957900844,17.006626035024155,1.0,29.455615675398864,1.7320081957900844,17.006626035024155,smooth_fair_pe_pit_truth_xnys_v5
2018-01-04,BULL,19.826567352168368,1.7320081957900844,17.634853431875396,1.0,30.543710675565084,1.7320081957900844,17.634853431875396,smooth_fair_pe_pit_truth_xnys_v5
2018-01-05,BULL,20.04935399016564,1.7514240818602236,18.06260708336524,1.0,31.63528502698493,1.7514240818602236,18.06260708336524,smooth_fair_pe_pit_truth_xnys_v5
2018-01-08,BULL,20.2689810447573,1.7514240818602236,18.584926630987194,1.0,32.55008806111636,1.7514240818602236,18.584926630987194,smooth_fair_pe_pit_truth_xnys_v5
2018-01-09,BULL,20.485433609211285,1.7514240818602236,18.63239384285659,1.0,32.63322327908319,1.7514240818602236,18.63239384285659,smooth_fair_pe_pit_truth_xnys_v5
2018-01-10,BULL,20.698700201373946,1.7514240818602236,18.942141329404933,1.0,33.17572248631963,1.7514240818602236,18.942141329404933,smooth_fair_pe_pit_truth_xnys_v5
2018-01-11,BULL,20.908772621425317,1.7514240818602236,19.1255241874342,1.0,33.496903640072446,1.7514240818602236,19.1255241874342,smooth_fair_pe_pit_truth_xnys_v5
2018-01-12,BULL,21.115645810941675,1.7514240818602236,19.34814469346381,1.0,33.88680655544861,1.7514240818602236,19.34814469346381,smooth_fair_pe_pit_truth_xnys_v5
2018-01-16,BULL,21.319317713564686,1.7514240818602236,20.37093689865119,1.0,35.67814945435271,1.7514240818602236,20.37093689865119,smooth_fair_pe_pit_truth_xnys_v5
2018-01-17,BULL,21.519789137547697,1.7514240818602236,19.97502656487706,1.0,34.984742561523376,1.7514240818602236,19.97502656487706,smooth_fair_pe_pit_truth_xnys_v5
2018-01-18,BULL,21.717063620422323,1.7514240818602236,20.163083894828016,1.0,35.31411069796982,1.7514240818602236,20.163083894828016,smooth_fair_pe_pit_truth_xnys_v5
2018-01-19,BULL,21.911147296002284,1.7514240818602236,20.88469928101606,1.0,36.57796526318042,1.7514240818602236,20.88469928101606,smooth_fair_pe_pit_truth_xnys_v5
2018-01-22,BULL,22.102048763916887,1.7514240818602236,20.577212359571387,1.0,36.03942526410516,1.7514240818602236,20.577212359571387,smooth_fair_pe_pit_truth_xnys_v5
2018-01-23,BULL,22.28977896184296,1.7514240818602236,20.60108817817028,1.0,36.08124194777338,1.7514240818602236,20.60108817817028,smooth_fair_pe_pit_truth_xnys_v5
2018-01-24,BULL,22.474351040582334,1.7514240818602236,20.67230206777203,1.0,36.205967668984826,1.7514240818602236,20.67230206777203,smooth_fair_pe_pit_truth_xnys_v5
2018-01-25,BULL,22.655780242111177,1.7514240818602236,20.859941294531986,1.0,36.53460352943384,1.7514240818602236,20.859941294531986,smooth_fair_pe_pit_truth_xnys_v5
2018-01-26,BULL,22.834083780707772,1.7514240818602236,20.530216449295956,1.0,35.95711549509982,1.7514240818602236,20.530216449295956,smooth_fair_pe_pit_truth_xnys_v5
2018-01-29,BULL,23.009280727247887,1.7514240818602236,21.044466218533103,1.0,36.85778492503283,1.7514240818602236,21.044466218533103,smooth_fair_pe_pit_truth_xnys_v5
2018-01-30,BULL,23.18139189673928,1.7514240818602236,21.572916205566287,1.0,37.78332495838147,1.7514240818602236,21.572916205566287,smooth_fair_pe_pit_truth_xnys_v5
2018-01-31,BULL,23.35043973915171,1.7514240818602236,22.02482027013671,1.0,38.57480061976063,1.7514240818602236,22.02482027013671,smooth_fair_pe_pit_truth_xnys_v5
2018-02-01,BULL,23.51644823358387,1.7514240818602236,21.91331227055486,1.0,38.37950282397292,1.7514240818602236,21.91331227055486,smooth_fair_pe_pit_truth_xnys_v5
2018-02-02,BULL,23.67944278579553,1.7514240818602236,22.19340199266334,1.0,38.870058708355245,1.7514240818602236,22.19340199266334,smooth_fair_pe_pit_truth_xnys_v5
2018-02-05,BULL,23.839450129120497,1.7514240818602236,22.07020139458197,1.0,38.65428221397596,1.7514240818602236,22.07020139458197,smooth_fair_pe_pit_truth_xnys_v5
2018-02-06,BULL,23.99649822876488,1.7514240818602236,22.185402935168984,1.0,38.85604896642744,1.7514240818602236,22.185402935168984,smooth_fair_pe_pit_truth_xnys_v5
2018-02-07,BULL,24.150616189484523,1.7514240818602236,23.319906547602294,1.0,40.843045914200566,1.7514240818602236,23.319906547602294,smooth_fair_pe_pit_truth_xnys_v5
2018-02-08,BULL,24.30183416662609,1.7514240818602236,23.55579720688033,1.0,41.256190495546,1.7514240818602236,23.55579720688033,smooth_fair_pe_pit_truth_xnys_v5
2018-02-09,BULL,24.45018328050768,1.7514240818602236,23.24181796034563,1.0,40.7062796819608,1.7514240818602236,23.24181796034563,smooth_fair_pe_pit_truth_xnys_v5
2018-02-12,BULL,24.595695534106955,1.7514240818602236,23.52759532331709,1.0,41.20679703751953,1.7514240818602236,23.52759532331709,smooth_fair_pe_pit_truth_xnys_v5
2018-02-13,BULL,24.73840373401796,1.7514240818602236,23.156856537457983,1.0,40.55747619988627,1.7514240818602236,23.156856537457983,smooth_fair_pe_pit_truth_xnys_v5
2018-02-14,BULL,24.878341414631283,1.7514240818602236,22.881150355867685,1.0,40.074597753931286,1.7514240818602236,22.881150355867685,smooth_fair_pe_pit_truth_xnys_v5
2018-02-15,BULL,25.015542765486902,1.7514240818602236,22.693851214806127,1.0,39.74655752776434,1.7514240818602236,22.693851214806127,smooth_fair_pe_pit_truth_xnys_v5
2018-02-16,BULL,25.150042561743987,1.7514240818602236,22.766789931953845,1.0,39.87430415347684,1.7514240818602236,22.766789931953845,smooth_fair_pe_pit_truth_xnys_v5
2018-02-20,BULL,25.281876097707613,1.7514240818602236,23.414838054418475,1.0,41.0093112413657,1.7514240818602236,23.414838054418475,smooth_fair_pe_pit_truth_xnys_v5
2018-02-21,BULL,25.411079123348784,1.7514240818602236,23.890518163680547,1.0,41.8424288399892,1.7514240818602236,23.890518163680547,smooth_fair_pe_pit_truth_xnys_v5
2018-02-22,BULL,25.53768778375069,1.7514240818602236,24.326537482134707,1.0,42.60608357448609,1.7514240818602236,24.326537482134707,smooth_fair_pe_pit_truth_xnys_v5
2018-02-23,BULL,25.661738561411703,1.7514240818602236,24.035892545633526,1.0,42.09704103342719,1.7514240818602236,24.035892545633526,smooth_fair_pe_pit_truth_xnys_v5
2018-02-26,BULL,25.783268221333103,1.7514240818602236,24.009663672724237,1.0,42.0511031537738,1.7514240818602236,24.009663672724237,smooth_fair_pe_pit_truth_xnys_v5
2018-02-27,BULL,25.902313758817947,1.7514240818602236,24.34277570630174,1.0,42.63452359133888,1.7514240818602236,24.34277570630174,smooth_fair_pe_pit_truth_xnys_v5
2018-02-28,BULL,26.018912349905825,1.7514240818602236,24.267610586686143,1.0,42.50287759072823,1.7514240818602236,24.267610586686143,smooth_fair_pe_pit_truth_xnys_v5
2018-03-01,BULL,26.133101304367447,1.7514240818602236,24.35389808789198,1.0,42.65400359830367,1.7514240818602236,24.35389808789198,smooth_fair_pe_pit_truth_xnys_v5
2018-03-02,BULL,26.24491802118193,1.7514240818602236,24.757702192297643,1.0,43.36123583111375,1.7514240818602236,24.757702192297643,smooth_fair_pe_pit_truth_xnys_v5
2018-03-05,BULL,26.354399946419584,1.7514240818602236,24.792018004628307,1.0,43.42133737121826,1.7514240818602236,24.792018004628307,smooth_fair_pe_pit_truth_xnys_v5
2018-03-06,BULL,26.461584533452527,1.7514240818602236,25.086163222365023,1.0,43.93651038912637,1.7514240818602236,25.086163222365023,smooth_fair_pe_pit_truth_xnys_v5
2018-03-07,BULL,26.56650920541572,1.7514240818602236,26.001273722887973,1.0,45.53925695730543,1.7514240818602236,26.001273722887973,smooth_fair_pe_pit_truth_xnys_v5
2018-03-08,BULL,26.669211319841324,1.7514240818602236,26.054768786762683,1.0,45.63294950043624,1.7514240818602236,26.054768786762683,smooth_fair_pe_pit_truth_xnys_v5
2018-03-09,BULL,26.769728135389748,1.7514240818602236,26.75146847014872,1.0,46.85316610374294,1.7514240818602236,26.75146847014872,smooth_fair_pe_pit_truth_xnys_v5
2018-03-12,BULL,26.868096780601466,1.7514240818602236,27.122587199431575,1.0,47.50315238343831,1.7514240818602236,27.122587199431575,smooth_fair_pe_pit_truth_xnys_v5
2018-03-13,BULL,26.964354224594544,1.7514240818602236,26.4952919564677,1.0,46.404492388475006,1.7514240818602236,26.4952919564677,smooth_fair_pe_pit_truth_xnys_v5
2018-03-14,BULL,27.0585372496341,1.7514240818602236,26.09303179783851,1.0,45.69996425947893,1.7514240818602236,26.09303179783851,smooth_fair_pe_pit_truth_xnys_v5
2018-03-15,BULL,27.15068242550046,1.7514240818602236,25.84825887877984,1.0,45.27126307445235,1.7514240818602236,25.84825887877984,smooth_fair_pe_pit_truth_xnys_v5
2018-03-16,BULL,27.240826085584807,1.7514240818602236,25.61352102830938,1.0,44.86013755021428,1.7514240818602236,25.61352102830938,smooth_fair_pe_pit_truth_xnys_v5
2018-03-19,BULL,27.32900430464182,1.7514240818602236,25.74969307234497,1.0,45.098632547414354,1.7514240818602236,25.74969307234497,smooth_fair_pe_pit_truth_xnys_v5
2018-03-20,BULL,27.415252878130666,1.7514240818602236,26.211777112730864,1.0,45.90793766358948,1.7514240818602236,26.211777112730864,smooth_fair_pe_pit_truth_xnys_v5
2018-03-21,BULL,27.499607303077063,1.7514240818602236,26.96574357793684,1.0,47.228452687666255,1.7514240818602236,26.96574357793684,smooth_fair_pe_pit_truth_xnys_v5
2018-03-22,BEAR,27.17093308078636,1.7514240818602236,26.823188646155483,1.0,46.97877854715644,1.7514240818602236,26.823188646155483,smooth_fair_pe_pit_truth_xnys_v5
2018-03-23,BEAR,26.854258309560144,1.7514240818602236,26.319076779782492,1.0,46.09586488443929,1.7514240818602236,26.319076779782492,smooth_fair_pe_pit_truth_xnys_v5
2018-03-26,BEAR,26.549054317432145,1.7514240818602236,25.09305796336937,1.0,43.94858600455957,1.7514240818602236,25.09305796336937,smooth_fair_pe_pit_truth_xnys_v5
2018-03-27,BEAR,26.25482045403577,1.7514240818602236,24.930737980402743,1.0,43.66429487742469,1.7514240818602236,24.930737980402743,smooth_fair_pe_pit_truth_xnys_v5
2018-03-28,BEAR,25.97108235441448,1.7514240818602236,24.749476632601,1.0,43.34682938777427,1.7514240818602236,24.749476632601,smooth_fair_pe_pit_truth_xnys_v5
2018-03-29,BEAR,25.697390324840427,1.7514240818602236,24.640552537059907,1.0,43.15605710374875,1.7514240818602236,24.640552537059907,smooth_fair_pe_pit_truth_xnys_v5
2018-04-02,BEAR,25.433317841124424,1.7514240818602236,25.393576250184072,1.0,44.47492096912622,1.7514240818602236,25.393576250184072,smooth_fair_pe_pit_truth_xnys_v5
2018-04-03,BEAR,25.17846015071229,1.7514240818602236,25.709218833187467,1.0,45.02774499025893,1.7514240818602236,25.709218833187467,smooth_fair_pe_pit_truth_xnys_v5
2018-04-04,BEAR,24.93243297059998,1.7514240818602236,25.788011141956986,1.0,45.16574373730322,1.7514240818602236,25.788011141956986,smooth_fair_pe_pit_truth_xnys_v5
2018-04-05,BEAR,24.69487127376909,1.7514240818602236,25.333133310871798,1.0,44.36905974963628,1.7514240818602236,25.333133310871798,smooth_fair_pe_pit_truth_xnys_v5
2018-04-06,BEAR,24.465428157453257,1.7514240818602236,24.8456028634337,1.0,43.51518718335311,1.7514240818602236,24.8456028634337,smooth_fair_pe_pit_truth_xnys_v5
2018-04-09,BEAR,24.243773787099364,1.771007120266063,24.30045798765094,1.0,43.03628412185615,1.771007120266063,24.30045798765094,smooth_fair_pe_pit_truth_xnys_v5
2018-04-10,BEAR,24.029594410391724,1.771007120266063,23.74861196255017,1.0,42.05896088211216,1.771007120266063,23.74861196255017,smooth_fair_pe_pit_truth_xnys_v5
2018-04-11,BEAR,23.822591436166267,1.771007120266063,23.773852707871733,1.0,42.103662421797466,1.771007120266063,23.773852707871733,smooth_fair_pe_pit_truth_xnys_v5
2018-04-12,BEAR,23.622480573460496,1.771007120266063,23.729003234460965,1.0,42.024233685046816,1.771007120266063,23.729003234460965,smooth_fair_pe_pit_truth_xnys_v5
2018-04-13,BEAR,23.428991026326894,1.771007120266063,23.07186554416499,1.0,40.86043815653745,1.771007120266063,23.07186554416499,smooth_fair_pe_pit_truth_xnys_v5
2018-04-16,BEAR,23.241864740385942,1.771007120266063,23.40756424293336,1.0,41.45496294232028,1.771007120266063,23.40756424293336,smooth_fair_pe_pit_truth_xnys_v5
2018-04-17,BEAR,23.06085569741324,1.771007120266063,23.25815969601167,1.0,41.19036642592184,1.771007120266063,23.25815969601167,smooth_fair_pe_pit_truth_xnys_v5
2018-04-18,BEAR,22.88572925454679,1.771007120266063,22.36279182142025,1.0,39.60466354476295,1.771007120266063,22.36279182142025,smooth_fair_pe_pit_truth_xnys_v5
2018-04-19,BEAR,22.71626152496628,1.771007120266063,22.20747012682274,1.0,39.32958771769897,1.771007120266063,22.20747012682274,smooth_fair_pe_pit_truth_xnys_v5
2018-04-20,SIDEWAYS,22.723312145663733,1.771007120266063,22.35745693035714,1.0,39.59521541470434,1.771007120266063,22.35745693035714,smooth_fair_pe_pit_truth_xnys_v5
2018-04-23,SIDEWAYS,22.730188607814185,1.771007120266063,22.78145049285063,1.0,40.34611103282729,1.771007120266063,22.78145049285063,smooth_fair_pe_pit_truth_xnys_v5
2018-04-24,SIDEWAYS,22.73689516195589,1.771007120266063,22.647102075199072,1.0,40.10817902856989,1.771007120266063,22.647102075199072,smooth_fair_pe_pit_truth_xnys_v5
2018-04-25,SIDEWAYS,22.743435957426097,1.771007120266063,22.99920944182672,1.0,40.7317636819656,1.771007120266063,22.99920944182672,smooth_fair_pe_pit_truth_xnys_v5
2018-04-26,SIDEWAYS,22.74981504464437,1.771007120266063,23.06780318837597,1.0,40.85324369551004,1.771007120266063,23.06780318837597,smooth_fair_pe_pit_truth_xnys_v5
2018-04-27,SIDEWAYS,22.756036377350675,1.771007120266063,22.515578361542715,1.0,39.87524959520065,1.771007120266063,22.515578361542715,smooth_fair_pe_pit_truth_xnys_v5
2018-04-30,SIDEWAYS,22.762103814798984,1.771007120266063,21.96913280521297,1.0,38.90749062410293,1.771007120266063,21.96913280521297,smooth_fair_pe_pit_truth_xnys_v5
2018-05-01,SIDEWAYS,22.768021123906816,1.771007120266063,22.47114267958108,1.0,39.79655368605272,1.771007120266063,22.47114267958108,smooth_fair_pe_pit_truth_xnys_v5
2018-05-02,SIDEWAYS,22.773791981361416,1.771007120266063,22.984052059093525,1.0,40.70491984922051,1.771007120266063,22.984052059093525,smooth_fair_pe_pit_truth_xnys_v5
2018-05-03,SIDEWAYS,22.779419975682995,1.771007120266063,23.110998668404186,1.0,40.92974319820332,1.771007120266063,23.110998668404186,smooth_fair_pe_pit_truth_xnys_v5
2018-05-04,SIDEWAYS,22.78490860924582,1.771007120266063,23.72679991923048,1.0,42.02033159808543,1.771007120266063,23.72679991923048,smooth_fair_pe_pit_truth_xnys_v5
2018-05-07,BULL,22.960965764307726,1.771007120266063,24.31007800224832,1.0,43.05332123620517,1.771007120266063,24.31007800224832,smooth_fair_pe_pit_truth_xnys_v5
2018-05-08,BULL,23.133931196677228,1.771007120266063,24.71166456038357,1.0,43.76453389006585,1.771007120266063,24.71166456038357,smooth_fair_pe_pit_truth_xnys_v5
2018-05-09,BULL,23.30382691330014,1.771007120266063,24.391395990787476,1.0,43.19733597291373,1.771007120266063,24.391395990787476,smooth_fair_pe_pit_truth_xnys_v5
2018-05-10,BULL,23.470676479288368,1.771007120266063,25.27444063080445,1.0,44.76121431789658,1.771007120266063,25.27444063080445,smooth_fair_pe_pit_truth_xnys_v5
2018-05-11,BULL,23.63450491451597,1.771007120266063,25.583828057656746,1.0,45.309141653772784,1.771007120266063,25.583828057656746,smooth_fair_pe_pit_truth_xnys_v5
2018-05-14,BULL,23.795338593592845,1.771007120266063,25.458308707124434,1.0,45.08684599024889,1.771007120266063,25.458308707124434,smooth_fair_pe_pit_truth_xnys_v5
2018-05-15,BULL,23.953205149223653,1.771007120266063,25.21836733378483,1.0,44.66190810961803,1.771007120266063,25.21836733378483,smooth_fair_pe_pit_truth_xnys_v5
2018-05-16,BULL,24.108133378948484,1.771007120266063,25.42044061790769,1.0,45.019781334615175,1.771007120266063,25.42044061790769,smooth_fair_pe_pit_truth_xnys_v5
2018-05-17,BULL,24.26015315525249,1.771007120266063,24.74393043889783,1.0,43.82167699065624,1.771007120266063,24.74393043889783,smooth_fair_pe_pit_truth_xnys_v5
2018-05-18,BULL,24.409295339022467,1.771007120266063,25.18172271667968,1.0,44.597010231805385,1.771007120266063,25.18172271667968,smooth_fair_pe_pit_truth_xnys_v5
2018-05-21,BULL,24.555591696320665,1.771007120266063,24.8550383333254,1.0,44.01844986280523,1.771007120266063,24.8550383333254,smooth_fair_pe_pit_truth_xnys_v5
2018-05-22,SIDEWAYS,24.51544829450691,1.771007120266063,24.962333784965285,1.0,44.20847087163163,1.771007120266063,24.962333784965285,smooth_fair_pe_pit_truth_xnys_v5
2018-05-23,SIDEWAYS,24.476371664424835,1.771007120266063,24.66289205921244,1.0,43.67815744321859,1.771007120266063,24.66289205921244,smooth_fair_pe_pit_truth_xnys_v5
2018-05-24,SIDEWAYS,24.43833192117332,1.771007120266063,24.496478897162604,1.0,43.38343854832233,1.771007120266063,24.496478897162604,smooth_fair_pe_pit_truth_xnys_v5
2018-05-25,SIDEWAYS,24.40130009288848,1.771007120266063,24.1249350236766,1.0,42.72543170288738,1.771007120266063,24.1249350236766,smooth_fair_pe_pit_truth_xnys_v5
2018-05-29,SIDEWAYS,24.365248089189546,1.771007120266063,24.03590362308251,1.0,42.56775645850799,1.771007120266063,24.03590362308251,smooth_fair_pe_pit_truth_xnys_v5
2018-05-30,SIDEWAYS,24.330148670885045,1.771007120266063,24.851857226598177,1.0,44.012816100141,1.771007120266063,24.851857226598177,smooth_fair_pe_pit_truth_xnys_v5
2018-05-31,SIDEWAYS,24.29597542088154,1.771007120266063,25.41107330843243,1.0,45.00319176283675,1.771007120266063,25.41107330843243,smooth_fair_pe_pit_truth_xnys_v5
2018-06-01,SIDEWAYS,24.262702716239843,1.771007120266063,25.470038117024703,1.0,45.10761885869879,1.771007120266063,25.470038117024703,smooth_fair_pe_pit_truth_xnys_v5
2018-06-04,SIDEWAYS,24.23030570132683,1.771007120266063,25.350478044930487,1.0,44.8958771197204,1.771007120266063,25.350478044930487,smooth_fair_pe_pit_truth_xnys_v5
2018-06-05,SIDEWAYS,24.198760262013256,1.771007120266063,25.63551909561419,1.0,45.40068685004936,1.771007120266063,25.63551909561419,smooth_fair_pe_pit_truth_xnys_v5
2018-06-06,SIDEWAYS,24.168043000870806,1.771007120266063,26.03879379014717,1.0,46.1148892054904,1.771007120266063,26.03879379014717,smooth_fair_pe_pit_truth_xnys_v5
2018-06-07,SIDEWAYS,24.13813121332373,1.771007120266063,25.506643878639263,1.0,45.17244792316093,1.771007120266063,25.506643878639263,smooth_fair_pe_pit_truth_xnys_v5
2018-06-08,SIDEWAYS,24.109002864712835,1.771007120266063,25.356340787784102,1.0,44.90626007905845,1.771007120266063,25.356340787784102,smooth_fair_pe_pit_truth_xnys_v5
2018-06-11,SIDEWAYS,24.08063656823165,1.771007120266063,24.43532161480019,1.0,43.275128565802376,1.771007120266063,24.43532161480019,smooth_fair_pe_pit_truth_xnys_v5
2018-06-12,SIDEWAYS,24.0530115636965,1.771007120266063,24.88388453369053,1.0,44.0695366890445,1.771007120266063,24.88388453369053,smooth_fair_pe_pit_truth_xnys_v5
2018-06-13,SIDEWAYS,24.02610769711431,1.771007120266063,25.744835982946203,1.0,45.59428783587968,1.771007120266063,25.744835982946203,smooth_fair_pe_pit_truth_xnys_v5
2018-06-14,SIDEWAYS,23.999905401013507,1.771007120266063,25.647312713477803,1.0,45.42157343125952,1.771007120266063,25.647312713477803,smooth_fair_pe_pit_truth_xnys_v5
2018-06-15,SIDEWAYS,23.974385675505324,1.771007120266063,24.56054736699153,1.0,43.49690426457392,1.771007120266063,24.56054736699153,smooth_fair_pe_pit_truth_xnys_v5
2018-06-18,SIDEWAYS,23.949530070044105,1.771007120266063,24.769543187185803,1.0,43.86703735024382,1.771007120266063,24.769543187185803,smooth_fair_pe_pit_truth_xnys_v5
2018-06-19,SIDEWAYS,23.925320665857107,1.771007120266063,24.295954817467116,1.0,43.02830897539682,1.771007120266063,24.295954817467116,smooth_fair_pe_pit_truth_xnys_v5
2018-06-20,SIDEWAYS,23.901740059015346,1.771007120266063,23.9618060553694,1.0,42.43652913849368,1.771007120266063,23.9618060553694,smooth_fair_pe_pit_truth_xnys_v5
2018-06-21,SIDEWAYS,23.878771344118604,1.771007120266063,24.206652789299493,1.0,42.87015444765777,1.771007120266063,24.206652789299493,smooth_fair_pe_pit_truth_xnys_v5
2018-06-22,SIDEWAYS,23.85639809856905,1.771007120266063,24.275165398940267,1.0,42.99149076715958,1.771007120266063,24.275165398940267,smooth_fair_pe_pit_truth_xnys_v5
2018-06-25,SIDEWAYS,23.834604367408865,1.771007120266063,24.0157491826297,1.0,42.53206280096109,1.771007120266063,24.0157491826297,smooth_fair_pe_pit_truth_xnys_v5
2018-06-26,SIDEWAYS,23.81337464869871,1.771007120266063,23.704657370595715,1.0,41.98111698679243,1.771007120266063,23.704657370595715,smooth_fair_pe_pit_truth_xnys_v5
2018-06-27,SIDEWAYS,23.79269387941485,1.771007120266063,23.74429551082798,1.0,42.05131641537788,1.771007120266063,23.74429551082798,smooth_fair_pe_pit_truth_xnys_v5
2018-06-28,SIDEWAYS,23.772547421843743,1.771007120266063,23.55285392013386,1.0,41.71227199514352,1.771007120266063,23.55285392013386,smooth_fair_pe_pit_truth_xnys_v5
2018-06-29,SIDEWAYS,23.752921050453867,1.771007120266063,23.08104842598612,1.0,40.87670110562723,1.771007120266063,23.08104842598612,smooth_fair_pe_pit_truth_xnys_v5
2018-07-02,BULL,23.91157273902321,1.771007120266063,23.136336498000304,1.0,40.97461667483014,1.771007120266063,23.136336498000304,smooth_fair_pe_pit_truth_xnys_v5
2018-07-03,BULL,24.06727834627976,1.771007120266063,23.476153555268283,1.0,41.57643510283959,1.771007120266063,23.476153555268283,smooth_fair_pe_pit_truth_xnys_v5
2018-07-05,BULL,24.22006746784244,1.771007120266063,23.96195339104483,1.0,42.436790071023935,1.771007120266063,23.96195339104483,smooth_fair_pe_pit_truth_xnys_v5
2018-07-06,BULL,24.36997071038787,1.771007120266063,23.54207372957976,1.0,41.6931802009144,1.771007120266063,23.54207372957976,smooth_fair_pe_pit_truth_xnys_v5
2018-07-09,BULL,24.517019607546658,1.7993328256905934,23.801925511496812,1.0,42.82758588747858,1.7993328256905934,23.801925511496812,smooth_fair_pe_pit_truth_xnys_v5
2018-07-10,BULL,24.66124653909021,1.7993328256905934,22.83077555918404,1.0,41.08016389961436,1.7993328256905934,22.83077555918404,smooth_fair_pe_pit_truth_xnys_v5
2018-07-11,BULL,24.802684653366324,1.7993328256905934,22.883614468854137,1.0,41.175238684257465,1.7993328256905934,22.883614468854137,smooth_fair_pe_pit_truth_xnys_v5
2018-07-12,BULL,24.94136779293559,1.7993328256905934,22.866324576472497,1.0,41.14412841334252,1.7993328256905934,22.866324576472497,smooth_fair_pe_pit_truth_xnys_v5
2018-07-13,BULL,25.07733042335558,1.7993328256905934,23.172836238055897,1.0,41.695644907486496,1.7993328256905934,23.172836238055897,smooth_fair_pe_pit_truth_xnys_v5
2018-07-16,BULL,25.210607565055103,1.7993328256905934,23.644493112279385,1.0,42.54431260373944,1.7993328256905934,23.644493112279385,smooth_fair_pe_pit_truth_xnys_v5
2018-07-17,BULL,25.341234728236685,1.7993328256905934,24.347474809781623,1.0,43.80921064791491,1.7993328256905934,24.347474809781623,smooth_fair_pe_pit_truth_xnys_v5
2018-07-18,BULL,25.469247850742097,1.7993328256905934,24.21673675888733,1.0,43.573969381374,1.7993328256905934,24.21673675888733,smooth_fair_pe_pit_truth_xnys_v5
2018-07-19,BULL,25.594683238812703,1.7993328256905934,24.66884298302938,1.0,44.387458951171816,1.7993328256905934,24.66884298302938,smooth_fair_pe_pit_truth_xnys_v5
2018-07-20,BULL,25.71757751067384,1.7993328256905934,24.92986398231184,1.0,44.85712260337531,1.7993328256905934,24.92986398231184,smooth_fair_pe_pit_truth_xnys_v5
2018-07-23,BULL,25.83796754287057,1.7993328256905934,24.332077490793576,1.0,43.78150574643209,1.7993328256905934,24.332077490793576,smooth_fair_pe_pit_truth_xnys_v5
2018-07-24,BULL,25.95589041928028,1.7993328256905934,25.3850848046577,1.0,45.67621637196009,1.7993328256905934,25.3850848046577,smooth_fair_pe_pit_truth_xnys_v5
2018-07-25,BULL,26.071383382726587,1.7993328256905934,24.879340486199496,1.0,44.76621401835172,1.7993328256905934,24.879340486199496,smooth_fair_pe_pit_truth_xnys_v5
2018-07-26,BULL,26.184483789117877,1.7993328256905934,25.247457695729967,1.0,45.42857939716152,1.7993328256905934,25.247457695729967,smooth_fair_pe_pit_truth_xnys_v5
2018-07-27,BULL,26.29522906403329,1.7993328256905934,25.588722881661777,1.0,46.042629048474026,1.7993328256905934,25.588722881661777,smooth_fair_pe_pit_truth_xnys_v5
2018-07-30,BULL,26.403656661678752,1.7993328256905934,25.86426646235171,1.0,46.53842365811775,1.7993328256905934,25.86426646235171,smooth_fair_pe_pit_truth_xnys_v5
2018-07-31,BULL,26.50980402613546,1.7993328256905934,25.769986127459525,1.0,46.36878195672914,1.7993328256905934,25.769986127459525,smooth_fair_pe_pit_truth_xnys_v5
2018-08-01,BULL,26.613708554823425,1.7993328256905934,26.303739015503844,1.0,47.32918104899444,1.7993328256905934,26.303739015503844,smooth_fair_pe_pit_truth_xnys_v5
2018-08-02,BULL,26.715407564103327,1.7993328256905934,25.69101762901367,1.0,46.22669134528001,1.7993328256905934,25.69101762901367,smooth_fair_pe_pit_truth_xnys_v5
2018-08-03,BULL,26.814938256940245,1.7993328256905934,25.81668826861902,1.0,46.452814652347456,1.7993328256905934,25.81668826861902,smooth_fair_pe_pit_truth_xnys_v5
2018-08-06,BULL,26.91233769255372,1.7993328256905934,25.707257718266646,1.0,46.25591267096504,1.7993328256905934,25.707257718266646,smooth_fair_pe_pit_truth_xnys_v5
2018-08-07,BULL,27.007642757979763,1.7993328256905934,25.5558368468451,1.0,45.98345612652158,1.7993328256905934,25.5558368468451,smooth_fair_pe_pit_truth_xnys_v5
2018-08-08,BULL,27.100890141471044,1.7993328256905934,25.92856173351801,1.0,46.654112250063946,1.7993328256905934,25.92856173351801,smooth_fair_pe_pit_truth_xnys_v5
2018-08-09,BULL,27.192116307663245,1.7993328256905934,26.59580633710864,1.0,47.85470736806948,1.7993328256905934,26.59580633710864,smooth_fair_pe_pit_truth_xnys_v5
2018-08-10,BULL,27.28135747443636,1.7993328256905934,26.554038851472534,1.0,47.77955376011787,1.7993328256905934,26.554038851472534,smooth_fair_pe_pit_truth_xnys_v5
2018-08-13,BULL,27.368649591401574,1.7993328256905934,27.059821128475008,1.0,48.68962441378096,1.7993328256905934,27.059821128475008,smooth_fair_pe_pit_truth_xnys_v5
2018-08-14,BULL,27.454028319945483,1.7993328256905934,27.18705552679709,1.0,48.91856144323888,1.7993328256905934,27.18705552679709,smooth_fair_pe_pit_truth_xnys_v5
2018-08-15,BULL,27.53752901476514,1.7993328256905934,26.850782255080173,1.0,48.31349390703625,1.7993328256905934,26.850782255080173,smooth_fair_pe_pit_truth_xnys_v5
2018-08-16,BULL,27.619186706829087,1.7993328256905934,26.8463008830752,1.0,48.30543042728357,1.7993328256905934,26.8463008830752,smooth_fair_pe_pit_truth_xnys_v5
2018-08-17,BULL,27.699036087700915,1.7993328256905934,26.82480898959772,1.0,48.2667593578633,1.7993328256905934,26.82480898959772,smooth_fair_pe_pit_truth_xnys_v5
2018-08-20,BULL,27.77711149516391,1.7993328256905934,26.61636510159819,1.0,47.89169942787117,1.7993328256905934,26.61636510159819,smooth_fair_pe_pit_truth_xnys_v5
2018-08-21,BULL,27.853446900086805,1.7993328256905934,26.96512827459854,1.0,48.51924045344271,1.7993328256905934,26.96512827459854,smooth_fair_pe_pit_truth_xnys_v5
2018-08-22,BULL,27.928075894472475,1.7993328256905934,27.204669016284207,1.0,48.950253973048,1.7993328256905934,27.204669016284207,smooth_fair_pe_pit_truth_xnys_v5
2018-08-23,BULL,28.00103168063328,1.7993328256905934,26.54762843896156,1.0,47.76801929446066,1.7993328256905934,26.54762843896156,smooth_fair_pe_pit_truth_xnys_v5
2018-08-24,BULL,28.07234706143824,1.7993328256905934,25.91843920551608,1.0,46.6358984531511,1.7993328256905934,25.91843920551608,smooth_fair_pe_pit_truth_xnys_v5
2018-08-27,BULL,28.14205443157914,1.7993328256905934,26.30788883542249,1.0,47.33664795619477,1.7993328256905934,26.30788883542249,smooth_fair_pe_pit_truth_xnys_v5
2018-08-28,BULL,28.210185769804625,1.7993328256905934,26.092698397442383,1.0,46.94944873736242,1.7993328256905934,26.092698397442383,smooth_fair_pe_pit_truth_xnys_v5
2018-08-29,BULL,28.27677263207249,1.7993328256905934,26.420270007244312,1.0,47.53885908764335,1.7993328256905934,26.420270007244312,smooth_fair_pe_pit_truth_xnys_v5
2018-08-30,BULL,28.3418461455727,1.7993328256905934,26.965587098772467,1.0,48.52006603084007,1.7993328256905934,26.965587098772467,smooth_fair_pe_pit_truth_xnys_v5
2018-08-31,BULL,28.40543700357508,1.7993328256905934,26.49383907599657,1.0,47.67123432800477,1.7993328256905934,26.49383907599657,smooth_fair_pe_pit_truth_xnys_v5
2018-09-04,BULL,28.467575461057177,1.7993328256905934,25.994105861068856,1.0,46.77204795029744,1.7993328256905934,25.994105861068856,smooth_fair_pe_pit_truth_xnys_v5
2018-09-05,BULL,28.52829133106978,1.7993328256905934,26.993440092888733,1.0,48.570182837447234,1.7993328256905934,26.993440092888733,smooth_fair_pe_pit_truth_xnys_v5
2018-09-06,BULL,28.58761398179888,1.7993328256905934,27.311765174048293,1.0,49.142955605218255,1.7993328256905934,27.311765174048293,smooth_fair_pe_pit_truth_xnys_v5
2018-09-07,BULL,28.645572334284672,1.7993328256905934,27.2358994672606,1.0,49.006447948650944,1.7993328256905934,27.2358994672606,smooth_fair_pe_pit_truth_xnys_v5
2018-09-10,BULL,28.702194860759576,1.7993328256905934,26.91617732242392,1.0,48.4311613983461,1.7993328256905934,26.91617732242392,smooth_fair_pe_pit_truth_xnys_v5
2018-09-11,BULL,28.757509583568996,1.7993328256905934,26.824607710544413,1.0,48.26639718985556,1.7993328256905934,26.824607710544413,smooth_fair_pe_pit_truth_xnys_v5
2018-09-12,BULL,28.81154407463969,1.7993328256905934,26.41524552142253,1.0,47.529818365372,1.7993328256905934,26.41524552142253,smooth_fair_pe_pit_truth_xnys_v5
2018-09-13,BULL,28.864325455462616,1.7993328256905934,27.02826337231295,1.0,48.63284150721343,1.7993328256905934,27.02826337231295,smooth_fair_pe_pit_truth_xnys_v5
2018-09-14,BULL,28.915880397557743,1.7993328256905934,26.80610090948709,1.0,48.23309729521459,1.7993328256905934,26.80610090948709,smooth_fair_pe_pit_truth_xnys_v5
2018-09-17,BULL,28.96623512339066,1.7993328256905934,27.51135208542448,1.0,49.502078886435626,1.7993328256905934,27.51135208542448,smooth_fair_pe_pit_truth_xnys_v5
2018-09-18,BULL,29.015415407711224,1.7993328256905934,27.44477320622576,1.0,49.38228132359568,1.7993328256905934,27.44477320622576,smooth_fair_pe_pit_truth_xnys_v5
2018-09-19,BULL,29.06344657928643,1.7993328256905934,27.068982760462266,1.0,48.70610923895252,1.7993328256905934,27.068982760462266,smooth_fair_pe_pit_truth_xnys_v5
2018-09-20,BULL,29.110353523000697,1.7993328256905934,27.02043167980306,1.0,48.61874968579967,1.7993328256905934,27.02043167980306,smooth_fair_pe_pit_truth_xnys_v5
2018-09-21,BULL,29.156160682297973,1.7993328256905934,25.930001953234594,1.0,46.65670368467621,1.7993328256905934,25.930001953234594,smooth_fair_pe_pit_truth_xnys_v5
2018-09-24,BULL,29.200892061941243,1.7993328256905934,26.09635888641394,1.0,46.956035175327024,1.7993328256905934,26.09635888641394,smooth_fair_pe_pit_truth_xnys_v5
2018-09-25,BULL,29.244571231066377,1.7993328256905934,26.23180377538908,1.0,47.19974561013201,1.7993328256905934,26.23180377538908,smooth_fair_pe_pit_truth_xnys_v5
2018-09-26,BULL,29.28722132650799,1.7993328256905934,26.837456535901595,1.0,48.2895165030923,1.7993328256905934,26.837456535901595,smooth_fair_pe_pit_truth_xnys_v5
2018-09-27,BULL,29.328865056376344,1.7993328256905934,26.114928332149415,1.0,46.98944778859375,1.7993328256905934,26.114928332149415,smooth_fair_pe_pit_truth_xnys_v5
2018-09-28,BULL,29.36952470386528,1.7993328256905934,26.890417372887335,1.0,48.3848106755568,1.7993328256905934,26.890417372887335,smooth_fair_pe_pit_truth_xnys_v5
2018-10-01,BULL,29.409222131272116,1.7993328256905934,27.472424997602417,1.0,49.43203609950885,1.7993328256905934,27.472424997602417,smooth_fair_pe_pit_truth_xnys_v5
2018-10-02,BULL,29.4479787842114,1.7993328256905934,28.25086460631655,1.0,50.83270804028593,1.7993328256905934,28.25086460631655,smooth_fair_pe_pit_truth_xnys_v5
2018-10-03,BULL,29.485815696005403,1.7993328256905934,28.421457064769623,1.0,51.1396606505958,1.7993328256905934,28.421457064769623,smooth_fair_pe_pit_truth_xnys_v5
2018-10-04,BULL,29.522753492235008,1.7993328256905934,29.050743822477585,1.0,52.27195697051214,1.7993328256905934,29.050743822477585,smooth_fair_pe_pit_truth_xnys_v5
2018-10-05,BULL,29.5588123954356,1.8050912332742328,28.268437359287795,1.0,51.02710845561219,1.8050912332742328,28.268437359287795,smooth_fair_pe_pit_truth_xnys_v5
2018-10-08,BULL,29.59401222992343,1.8050912332742328,28.744574729564416,1.0,51.886579848532776,1.8050912332742328,28.744574729564416,smooth_fair_pe_pit_truth_xnys_v5
2018-10-09,BULL,29.62837242673836,1.8050912332742328,28.430879872170745,1.0,51.32033201152824,1.8050912332742328,28.430879872170745,smooth_fair_pe_pit_truth_xnys_v5
2018-10-10,BULL,29.66191202869029,1.8050912332742328,27.697922313744066,1.0,49.99727674845016,1.8050912332742328,27.697922313744066,smooth_fair_pe_pit_truth_xnys_v5
2018-10-11,BULL,29.69464969549656,1.8050912332742328,27.284979333449726,1.0,49.25187699487872,1.8050912332742328,27.284979333449726,smooth_fair_pe_pit_truth_xnys_v5
2018-10-12,BULL,29.726603708998844,1.8050912332742328,27.456124125493385,1.0,49.56080895861726,1.8050912332742328,27.456124125493385,smooth_fair_pe_pit_truth_xnys_v5
2018-10-15,BULL,29.757791978448548,1.8050912332742328,27.209540558774947,1.0,49.11570312406432,1.8050912332742328,27.209540558774947,smooth_fair_pe_pit_truth_xnys_v5
2018-10-16,BULL,29.788232045850204,1.8050912332742328,27.570070901317845,1.0,49.76649328471786,1.8050912332742328,27.570070901317845,smooth_fair_pe_pit_truth_xnys_v5
2018-10-17,BULL,29.81794109135325,1.8050912332742328,26.838094710848026,1.0,48.44520948033532,1.8050912332742328,26.838094710848026,smooth_fair_pe_pit_truth_xnys_v5
2018-10-18,BULL,29.84693593868293,1.8050912332742328,26.01891482529872,1.0,46.96651505045568,1.8050912332742328,26.01891482529872,smooth_fair_pe_pit_truth_xnys_v5
2018-10-19,BULL,29.87523306060168,1.8050912332742328,26.91570300800957,1.0,48.58529953717097,1.8050912332742328,26.91570300800957,smooth_fair_pe_pit_truth_xnys_v5
2018-10-22,BULL,29.90284858439287,1.8050912332742328,27.554377194195755,1.0,49.73816471157421,1.8050912332742328,27.554377194195755,smooth_fair_pe_pit_truth_xnys_v5
2018-10-23,BULL,29.92979829735944,1.8050912332742328,27.196340904876596,1.0,49.09187654453015,1.8050912332742328,27.196340904876596,smooth_fair_pe_pit_truth_xnys_v5
2018-10-24,BULL,29.956097652330136,1.8050912332742328,27.375626926491808,1.0,49.41550417039639,1.8050912332742328,27.375626926491808,smooth_fair_pe_pit_truth_xnys_v5
2018-10-25,BULL,29.981761773166777,1.8050912332742328,28.057763367638746,1.0,50.646822680207606,1.8050912332742328,28.057763367638746,smooth_fair_pe_pit_truth_xnys_v5
2018-10-26,BULL,30.006805460266307,1.8050912332742328,28.40670917541796,1.0,51.27670169871767,1.8050912332742328,28.40670917541796,smooth_fair_pe_pit_truth_xnys_v5
2018-10-29,BULL,30.03124319605186,1.8050912332742328,28.59967566831537,1.0,51.62502382336246,1.8050912332742328,28.59967566831537,smooth_fair_pe_pit_truth_xnys_v5
2018-10-30,BULL,30.0550891504474,1.8050912332742328,29.27788486320516,1.0,52.84925329538398,1.8050912332742328,29.27788486320516,smooth_fair_pe_pit_truth_xnys_v5
2018-10-31,BULL,30.078357186330837,1.8050912332742328,28.96318315258413,1.0,52.28118799644555,1.8050912332742328,28.96318315258413,smooth_fair_pe_pit_truth_xnys_v5
2018-11-01,BULL,30.10106086496108,1.8050912332742328,29.06713185876877,1.0,52.46882489468967,1.8050912332742328,29.06713185876877,smooth_fair_pe_pit_truth_xnys_v5
2018-11-02,BULL,30.12321345137458,1.8050912332742328,29.14022677003909,1.0,52.60076787822067,1.8050912332742328,29.14022677003909,smooth_fair_pe_pit_truth_xnys_v5
2018-11-05,BULL,30.144827919747357,1.8050912332742328,29.07613498507513,1.0,52.48507635905733,1.8050912332742328,29.07613498507513,smooth_fair_pe_pit_truth_xnys_v5
2018-11-06,BULL,30.165916958718864,1.8050912332742328,28.955678076368013,1.0,52.26764064916279,1.8050912332742328,28.955678076368013,smooth_fair_pe_pit_truth_xnys_v5
2018-11-07,BULL,30.186492976674224,1.8050912332742328,29.08482593926626,1.0,52.50076432427653,1.8050912332742328,29.08482593926626,smooth_fair_pe_pit_truth_xnys_v5
2018-11-08,BULL,30.2065681069817,1.8050912332742328,29.18723401118847,1.0,52.68562023711982,1.8050912332742328,29.18723401118847,smooth_fair_pe_pit_truth_xnys_v5
2018-11-09,BULL,30.226154213182543,1.8050912332742328,28.719249093262125,1.0,51.84086476446642,1.8050912332742328,28.719249093262125,smooth_fair_pe_pit_truth_xnys_v5
2018-11-12,BULL,30.245262894130555,1.8050912332742328,29.244757126606967,1.0,52.78945470847237,1.8050912332742328,29.244757126606967,smooth_fair_pe_pit_truth_xnys_v5
2018-11-13,BULL,30.263905489079004,1.8050912332742328,28.811076868402303,1.0,52.00662227634303,1.8050912332742328,28.811076868402303,smooth_fair_pe_pit_truth_xnys_v5
2018-11-14,BULL,30.282093082712667,1.8050912332742328,28.80025556675183,1.0,51.98708883960114,1.8050912332742328,28.80025556675183,smooth_fair_pe_pit_truth_xnys_v5
2018-11-15,BULL,30.299836510123075,1.8050912332742328,28.7507920422607,1.0,51.89780266517536,1.8050912332742328,28.7507920422607,smooth_fair_pe_pit_truth_xnys_v5
2018-11-16,BULL,30.317146361725143,1.8050912332742328,29.04455189643125,1.0,52.42806600262654,1.8050912332742328,29.04455189643125,smooth_fair_pe_pit_truth_xnys_v5
2018-11-19,BULL,30.33403298811372,1.8050912332742328,28.045181861351814,1.0,50.62411191350769,1.8050912332742328,28.045181861351814,smooth_fair_pe_pit_truth_xnys_v5
2018-11-20,BULL,30.35050650485841,1.8050912332742328,28.64856496435573,1.0,51.713273463045866,1.8050912332742328,28.64856496435573,smooth_fair_pe_pit_truth_xnys_v5
2018-11-21,BULL,30.366576797235773,1.8050912332742328,28.41478102120252,1.0,51.29127211677972,1.8050912332742328,28.41478102120252,smooth_fair_pe_pit_truth_xnys_v5
2018-11-23,BULL,30.3822535248974,1.8050912332742328,29.176713523804175,1.0,52.66662979757267,1.8050912332742328,29.176713523804175,smooth_fair_pe_pit_truth_xnys_v5
2018-11-26,BULL,30.397546126473312,1.8050912332742328,29.011619423444643,1.0,52.36861988434837,1.8050912332742328,29.011619423444643,smooth_fair_pe_pit_truth_xnys_v5
2018-11-27,BULL,30.41246382410965,1.8050912332742328,29.08166177300185,1.0,52.49505271549202,1.8050912332742328,29.08166177300185,smooth_fair_pe_pit_truth_xnys_v5
2018-11-28,BULL,30.42701562794003,1.8050912332742328,30.196287765065595,1.0,54.50705432214588,1.8050912332742328,30.196287765065595,smooth_fair_pe_pit_truth_xnys_v5
2018-11-29,BULL,30.441210340490034,1.8050912332742328,30.07366971968309,1.0,54.2857175633847,1.8050912332742328,30.07366971968309,smooth_fair_pe_pit_truth_xnys_v5
2018-11-30,BULL,30.45505656101445,1.8050912332742328,30.788243432523167,1.0,55.57558830796054,1.8050912332742328,30.788243432523167,smooth_fair_pe_pit_truth_xnys_v5
2018-12-03,BULL,30.46856268976681,1.8050912332742328,30.80343620507792,1.0,55.603012648508255,1.8050912332742328,30.80343620507792,smooth_fair_pe_pit_truth_xnys_v5
2018-12-04,BULL,30.481736932201088,1.8050912332742328,31.027696239649885,1.0,56.00782247088788,1.8050912332742328,31.027696239649885,smooth_fair_pe_pit_truth_xnys_v5
2018-12-06,BULL,30.49458730310543,1.8050912332742328,31.046802483899945,1.0,56.04231098488446,1.8050912332742328,31.046802483899945,smooth_fair_pe_pit_truth_xnys_v5
2018-12-07,BULL,30.50712163066784,1.8050912332742328,31.50326860076217,1.0,56.86627397071919,1.8050912332742328,31.50326860076217,smooth_fair_pe_pit_truth_xnys_v5
2018-12-10,BULL,30.519347560473776,1.8050912332742328,31.069435159686503,1.0,56.08316502953231,1.8050912332742328,31.069435159686503,smooth_fair_pe_pit_truth_xnys_v5
2018-12-11,BULL,30.531272559435973,1.8050912332742328,30.503166769169784,1.0,55.060998922130274,1.8050912332742328,30.503166769169784,smooth_fair_pe_pit_truth_xnys_v5
2018-12-12,BULL,30.54290391965645,1.8050912332742328,30.167714223866856,1.0,54.45547647342443,1.8050912332742328,30.167714223866856,smooth_fair_pe_pit_truth_xnys_v5
2018-12-13,BULL,30.55424876222108,1.8050912332742328,30.25556244601006,1.0,54.61405052907386,1.8050912332742328,30.25556244601006,smooth_fair_pe_pit_truth_xnys_v5
2018-12-14,BULL,30.56531404092701,1.8050912332742328,30.16423105770279,1.0,54.449189040717634,1.8050912332742328,30.16423105770279,smooth_fair_pe_pit_truth_xnys_v5
2018-12-17,BULL,30.576106545943265,1.8050912332742328,30.587375037661737,1.0,55.2130025293543,1.8050912332742328,30.587375037661737,smooth_fair_pe_pit_truth_xnys_v5
2018-12-18,BULL,30.586632907404965,1.8050912332742328,31.32431440363856,1.0,56.54324531833374,1.8050912332742328,31.32431440363856,smooth_fair_pe_pit_truth_xnys_v5
2018-12-19,BULL,30.59689959894163,1.8050912332742328,30.745241521340237,1.0,55.49796593507018,1.8050912332742328,30.745241521340237,smooth_fair_pe_pit_truth_xnys_v5
2018-12-20,BULL,30.606912941140077,1.8050912332742328,30.342858246678773,1.0,54.771627413562605,1.8050912332742328,30.342858246678773,smooth_fair_pe_pit_truth_xnys_v5
2018-12-21,BULL,30.61667910494241,1.8050912332742328,29.59329404268721,1.0,53.41859564016126,1.8050912332742328,29.59329404268721,smooth_fair_pe_pit_truth_xnys_v5
2018-12-24,BULL,30.62620411497983,1.8050912332742328,30.76708293316021,1.0,55.537391676068765,1.8050912332742328,30.76708293316021,smooth_fair_pe_pit_truth_xnys_v5
2018-12-26,BULL,30.63549385284269,1.8050912332742328,30.93713833863871,1.0,55.84435719766889,1.8050912332742328,30.93713833863871,smooth_fair_pe_pit_truth_xnys_v5
2018-12-27,BULL,30.644554060287547,1.8050912332742328,31.19636574155484,1.0,56.31228631009724,1.8050912332742328,31.19636574155484,smooth_fair_pe_pit_truth_xnys_v5
2018-12-28,BULL,30.65339034238197,1.8050912332742328,30.428977511789824,1.0,54.92708054403058,1.8050912332742328,30.428977511789824,smooth_fair_pe_pit_truth_xnys_v5
2018-12-31,BULL,30.662008170587654,1.8050912332742328,30.4503130562786,1.0,54.9655931483444,1.8050912332742328,30.4503130562786,smooth_fair_pe_pit_truth_xnys_v5
2019-01-02,BULL,30.67041288578263,1.8050912332742328,30.751921968833265,1.0,55.510024752274205,1.8050912332742328,30.751921968833265,smooth_fair_pe_pit_truth_xnys_v5
2019-01-03,BULL,30.678609701223323,1.8050912332742328,30.61563520020153,1.0,55.26401470100579,1.8050912332742328,30.61563520020153,smooth_fair_pe_pit_truth_xnys_v5
2019-01-04,BULL,30.68660370544731,1.8050912332742328,31.907150399510908,1.0,57.59531746491957,1.8050912332742328,31.907150399510908,smooth_fair_pe_pit_truth_xnys_v5
2019-01-07,BULL,30.694399865117354,1.8050912332742328,33.23658578621111,1.0,59.99506962665664,1.8050912332742328,33.23658578621111,smooth_fair_pe_pit_truth_xnys_v5
2019-01-08,BULL,30.70200302780764,1.844455124114425,31.87427079294957,1.0,58.79066209146659,1.844455124114425,31.87427079294957,smooth_fair_pe_pit_truth_xnys_v5
2019-01-09,BULL,30.709417924733103,1.844455124114425,31.23048698483601,1.0,57.60323174776963,1.844455124114425,31.23048698483601,smooth_fair_pe_pit_truth_xnys_v5
2019-01-10,BULL,30.71664917342245,1.844455124114425,30.717148387171637,1.0,56.65640174090186,1.844455124114425,30.717148387171637,smooth_fair_pe_pit_truth_xnys_v5
2019-01-11,BULL,30.723701280335884,1.844455124114425,31.625420621726384,1.0,58.33166911801723,1.844455124114425,31.625420621726384,smooth_fair_pe_pit_truth_xnys_v5
2019-01-14,BULL,30.73057864342829,1.844455124114425,32.175711018781655,1.0,59.34665506061679,1.844455124114425,32.175711018781655,smooth_fair_pe_pit_truth_xnys_v5
2019-01-15,BULL,30.737285554658648,1.844455124114425,32.0159225014231,1.0,59.05193231100015,1.844455124114425,32.0159225014231,smooth_fair_pe_pit_truth_xnys_v5
2019-01-16,BULL,30.743826202446723,1.844455124114425,31.96555078463101,1.0,58.95902393985254,1.844455124114425,31.96555078463101,smooth_fair_pe_pit_truth_xnys_v5
2019-01-17,BULL,30.750204674077636,1.844455124114425,31.432119203921783,1.0,57.97513332744896,1.844455124114425,31.432119203921783,smooth_fair_pe_pit_truth_xnys_v5
2019-01-18,BULL,30.7564249580553,1.844455124114425,31.904179177788112,1.0,58.845826765136025,1.844455124114425,31.904179177788112,smooth_fair_pe_pit_truth_xnys_v5
2019-01-22,BULL,30.76249094640559,1.844455124114425,31.623410932653652,1.0,58.32796233670916,1.844455124114425,31.623410932653652,smooth_fair_pe_pit_truth_xnys_v5
2019-01-23,BULL,30.76840643692993,1.844455124114425,31.429674780464573,1.0,57.97062469807779,1.844455124114425,31.429674780464573,smooth_fair_pe_pit_truth_xnys_v5
2019-01-24,BULL,30.774175135410367,1.844455124114425,31.74141652370964,1.0,58.54561835380652,1.844455124114425,31.74141652370964,smooth_fair_pe_pit_truth_xnys_v5
2019-01-25,BULL,30.7798006577668,1.844455124114425,31.58127649873017,1.0,58.25024726415732,1.844455124114425,31.58127649873017,smooth_fair_pe_pit_truth_xnys_v5
2019-01-28,BULL,30.78528653216725,1.844455124114425,31.40511910430492,1.0,57.925332855359024,1.844455124114425,31.40511910430492,smooth_fair_pe_pit_truth_xnys_v5
2019-01-29,BULL,30.790636201092084,1.844455124114425,31.379003096198318,1.0,57.87716305038538,1.844455124114425,31.379003096198318,smooth_fair_pe_pit_truth_xnys_v5
2019-01-30,BULL,30.79585302335288,1.844455124114425,31.80072501581658,1.0,58.65501020597667,1.844455124114425,31.80072501581658,smooth_fair_pe_pit_truth_xnys_v5
2019-01-31,BULL,30.80094027606688,1.844455124114425,32.699657383162325,1.0,60.31305061715984,1.844455124114425,32.699657383162325,smooth_fair_pe_pit_truth_xnys_v5
2019-02-01,BULL,30.805901156587822,1.844455124114425,32.93300146871617,1.0,60.74344331144143,1.844455124114425,32.93300146871617,smooth_fair_pe_pit_truth_xnys_v5
2019-02-04,BULL,30.8107387843939,1.844455124114425,33.284298868015114,1.0,61.39139559966643,1.844455124114425,33.284298868015114,smooth_fair_pe_pit_truth_xnys_v5
2019-02-05,BULL,30.81545620293377,1.844455124114425,33.016523744838686,1.0,60.897496401613296,1.844455124114425,33.016523744838686,smooth_fair_pe_pit_truth_xnys_v5
2019-02-06,BULL,30.820056381431257,1.844455124114425,32.468732799159675,1.0,59.88712058491216,1.844455124114425,32.468732799159675,smooth_fair_pe_pit_truth_xnys_v5
2019-02-07,BULL,30.82454221664972,1.844455124114425,32.75540987256984,1.0,60.41588358192967,1.844455124114425,32.75540987256984,smooth_fair_pe_pit_truth_xnys_v5
2019-02-08,BULL,30.828916534616692,1.844455124114425,32.7416168132539,1.0,60.39044290299716,1.844455124114425,32.7416168132539,smooth_fair_pe_pit_truth_xnys_v5
2019-02-11,BULL,30.83318209230973,1.844455124114425,31.803182384533244,1.0,58.65954271229796,1.844455124114425,31.803182384533244,smooth_fair_pe_pit_truth_xnys_v5
2019-02-12,BULL,30.83734157930412,1.844455124114425,31.56148366626189,1.0,58.21374027289047,1.844455124114425,31.56148366626189,smooth_fair_pe_pit_truth_xnys_v5
2019-02-13,BULL,30.841397619383145,1.844455124114425,31.474705121942574,1.0,58.05368114215752,1.844455124114425,31.474705121942574,smooth_fair_pe_pit_truth_xnys_v5
2019-02-14,BULL,30.84535277211197,1.844455124114425,31.15281537553081,1.0,57.459969949988455,1.844455124114425,31.15281537553081,smooth_fair_pe_pit_truth_xnys_v5
2019-02-15,BULL,30.84920953437543,1.844455124114425,31.97984240085669,1.0,58.98538418463188,1.844455124114425,31.97984240085669,smooth_fair_pe_pit_truth_xnys_v5
2019-02-19,BULL,30.85297034188078,1.844455124114425,32.19158570222795,1.0,59.37593520184299,1.844455124114425,32.19158570222795,smooth_fair_pe_pit_truth_xnys_v5
2019-02-20,BULL,30.85663757062605,1.844455124114425,32.91711657662244,1.0,60.71414434082314,1.844455124114425,32.91711657662244,smooth_fair_pe_pit_truth_xnys_v5
2019-02-21,BULL,30.86021353833466,1.844455124114425,32.94936097306667,1.0,60.77361768306867,1.844455124114425,32.94936097306667,smooth_fair_pe_pit_truth_xnys_v5
2019-02-22,BULL,30.86370050585697,1.844455124114425,32.87194596905772,1.0,60.63082918224102,1.844455124114425,32.87194596905772,smooth_fair_pe_pit_truth_xnys_v5
2019-02-25,BULL,30.867100678539572,1.844455124114425,32.20393526750578,1.0,59.39871342080028,1.844455124114425,32.20393526750578,smooth_fair_pe_pit_truth_xnys_v5
2019-02-26,BULL,30.87041620756285,1.844455124114425,32.13246637485135,1.0,59.26689225552903,1.844455124114425,32.13246637485135,smooth_fair_pe_pit_truth_xnys_v5
2019-02-27,BULL,30.873649191247665,1.844455124114425,32.0661997666354,1.0,59.14466647044744,1.844455124114425,32.0661997666354,smooth_fair_pe_pit_truth_xnys_v5
2019-02-28,BULL,30.876801676331564,1.844455124114425,31.21886610113556,1.0,57.5817975492816,1.844455124114425,31.21886610113556,smooth_fair_pe_pit_truth_xnys_v5
2019-03-01,BULL,30.879875659215404,1.844455124114425,30.89979670992889,1.0,56.99328837572238,1.844455124114425,30.89979670992889,smooth_fair_pe_pit_truth_xnys_v5
2019-03-04,BULL,30.88287308718088,1.844455124114425,30.722303414496157,1.0,56.66590995746552,1.844455124114425,30.722303414496157,smooth_fair_pe_pit_truth_xnys_v5
2019-03-05,BULL,30.88579585957961,1.844455124114425,30.96442382047885,1.0,57.11249018093297,1.844455124114425,30.96442382047885,smooth_fair_pe_pit_truth_xnys_v5
2019-03-06,BULL,30.88864582899444,1.844455124114425,31.22075029155269,1.0,57.58527285395129,1.844455124114425,31.22075029155269,smooth_fair_pe_pit_truth_xnys_v5
2019-03-07,BULL,30.89142480237349,1.844455124114425,30.878727646978923,1.0,56.95442743460404,1.844455124114425,30.878727646978923,smooth_fair_pe_pit_truth_xnys_v5
2019-03-08,BULL,30.89413454213756,1.844455124114425,31.143935987535805,1.0,57.443592317302056,1.844455124114425,31.143935987535805,smooth_fair_pe_pit_truth_xnys_v5
2019-03-11,BULL,30.896776767261606,1.844455124114425,31.029689225131214,1.0,57.23286929097144,1.844455124114425,31.029689225131214,smooth_fair_pe_pit_truth_xnys_v5
2019-03-12,BULL,30.899353154330555,1.844455124114425,29.462466473403563,1.0,54.34219725591865,1.844455124114425,29.462466473403563,smooth_fair_pe_pit_truth_xnys_v5
2019-03-13,BULL,30.901865338570364,1.844455124114425,29.29248152328559,1.0,54.028667643651225,1.844455124114425,29.29248152328559,smooth_fair_pe_pit_truth_xnys_v5
2019-03-14,BULL,30.90431491485467,1.844455124114425,29.96533105355266,1.0,55.2697084075103,1.844455124114425,29.96533105355266,smooth_fair_pe_pit_truth_xnys_v5
2019-03-15,BULL,30.90670343868755,1.844455124114425,29.12791949336593,1.0,53.72514036433123,1.844455124114425,29.12791949336593,smooth_fair_pe_pit_truth_xnys_v5
2019-03-18,BULL,30.909032427163087,1.844455124114425,29.2932612582076,1.0,54.03010582972357,1.844455124114425,29.2932612582076,smooth_fair_pe_pit_truth_xnys_v5
2019-03-19,BULL,30.911303359902124,1.844455124114425,30.24065243451877,1.0,55.77752633941151,1.844455124114425,30.24065243451877,smooth_fair_pe_pit_truth_xnys_v5
2019-03-20,BULL,30.91351767996672,1.844455124114425,29.870871640237503,1.0,55.09548225860032,1.844455124114425,29.870871640237503,smooth_fair_pe_pit_truth_xnys_v5
2019-03-21,BULL,30.915676794752866,1.844455124114425,29.935675272716335,1.0,55.215009650587135,1.844455124114425,29.935675272716335,smooth_fair_pe_pit_truth_xnys_v5
2019-03-22,BULL,30.917782076861968,1.844455124114425,29.29976434232856,1.0,54.04210047655303,1.844455124114425,29.29976434232856,smooth_fair_pe_pit_truth_xnys_v5
2019-03-25,BULL,30.919834864951465,1.844455124114425,30.270121820818964,1.0,55.83188129997741,1.844455124114425,30.270121820818964,smooth_fair_pe_pit_truth_xnys_v5
2019-03-26,BULL,30.921836464565168,1.844455124114425,30.265247206628374,1.0,55.82289029285549,1.844455124114425,30.265247206628374,smooth_fair_pe_pit_truth_xnys_v5
2019-03-27,SIDEWAYS,30.693883678175784,1.844455124114425,30.10610339105078,1.0,55.529356666742274,1.844455124114425,30.10610339105078,smooth_fair_pe_pit_truth_xnys_v5
2019-03-28,SIDEWAYS,30.473247765332488,1.844455124114425,30.662831762990397,1.0,56.556217165106176,1.844455124114425,30.662831762990397,smooth_fair_pe_pit_truth_xnys_v5
2019-03-29,SIDEWAYS,30.259654853369813,1.844455124114425,30.80114434243522,1.0,56.81132851099267,1.844455124114425,30.80114434243522,smooth_fair_pe_pit_truth_xnys_v5
2019-04-01,SIDEWAYS,30.052843288820878,1.844455124114425,30.08023484688843,1.0,55.48164329790865,1.844455124114425,30.08023484688843,smooth_fair_pe_pit_truth_xnys_v5
2019-04-02,SIDEWAYS,29.85256299471692,1.844455124114425,29.532048558611127,1.0,54.47053828952631,1.844455124114425,29.532048558611127,smooth_fair_pe_pit_truth_xnys_v5
2019-04-03,SIDEWAYS,29.65857486664505,1.844455124114425,29.621874591535917,1.0,54.6362183762333,1.844455124114425,29.621874591535917,smooth_fair_pe_pit_truth_xnys_v5
2019-04-04,SIDEWAYS,29.470650204951056,1.844455124114425,29.10752642046129,1.0,53.68752625651584,1.844455124114425,29.10752642046129,smooth_fair_pe_pit_truth_xnys_v5
2019-04-05,SIDEWAYS,29.28857018066753,1.844455124114425,28.870975866511493,1.0,53.25121937517103,1.844455124114425,28.870975866511493,smooth_fair_pe_pit_truth_xnys_v5
2019-04-08,SIDEWAYS,29.11212533292605,1.844455124114425,28.755290194244647,1.0,53.03784234417181,1.844455124114425,28.755290194244647,smooth_fair_pe_pit_truth_xnys_v5
2019-04-09,SIDEWAYS,28.941115095775466,1.9109259855049905,26.94362208239442,1.0,51.48726758087358,1.9109259855049905,26.94362208239442,smooth_fair_pe_pit_truth_xnys_v5
2019-04-10,SIDEWAYS,28.77534735247969,1.9109259855049905,27.69872701446497,1.0,52.930217217350176,1.9109259855049905,27.69872701446497,smooth_fair_pe_pit_truth_xnys_v5
2019-04-11,BULL,28.82896844296768,1.9109259855049905,27.90255584889884,1.0,53.31971903366505,1.9109259855049905,27.90255584889884,smooth_fair_pe_pit_truth_xnys_v5
2019-04-12,BULL,28.88134520854508,1.9109259855049905,27.55544203834668,1.0,52.65641023315326,1.9109259855049905,27.55544203834668,smooth_fair_pe_pit_truth_xnys_v5
2019-04-15,BULL,28.93250417352941,1.9109259855049905,27.336264732704144,1.0,52.23757862436798,1.9109259855049905,27.336264732704144,smooth_fair_pe_pit_truth_xnys_v5
2019-04-16,BULL,28.982471413577084,1.9109259855049905,26.55812346314926,1.0,50.75060825198171,1.9109259855049905,26.55812346314926,smooth_fair_pe_pit_truth_xnys_v5
2019-04-17,BULL,29.03127255715433,1.9109259855049905,26.21860013805837,1.0,50.10180430738046,1.9109259855049905,26.21860013805837,smooth_fair_pe_pit_truth_xnys_v5
2019-04-18,BULL,29.07893278739324,1.9109259855049905,26.91052615014711,1.0,51.42402370392768,1.9109259855049905,26.91052615014711,smooth_fair_pe_pit_truth_xnys_v5
2019-04-22,BULL,29.12547684430672,1.9109259855049905,28.189196024523643,1.0,53.8674671937562,1.9109259855049905,28.189196024523643,smooth_fair_pe_pit_truth_xnys_v5
2019-04-23,BULL,29.17092902733728,1.9109259855049905,28.660897577610815,1.0,54.76885394895354,1.9109259855049905,28.660897577610815,smooth_fair_pe_pit_truth_xnys_v5
2019-04-24,BULL,29.215313198215394,1.9109259855049905,28.68733316422779,1.0,54.81937039836198,1.9109259855049905,28.68733316422779,smooth_fair_pe_pit_truth_xnys_v5
2019-04-25,BULL,29.25865278410481,1.9109259855049905,28.538584052224685,1.0,54.53512185491446,1.9109259855049905,28.538584052224685,smooth_fair_pe_pit_truth_xnys_v5
2019-04-26,BULL,29.300970781012964,1.9109259855049905,28.13404674822685,1.0,53.76208100859887,1.9109259855049905,28.13404674822685,smooth_fair_pe_pit_truth_xnys_v5
2019-04-29,BULL,29.342289757445617,1.9109259855049905,29.30926951476968,1.0,56.00784473194262,1.9109259855049905,29.30926951476968,smooth_fair_pe_pit_truth_xnys_v5
2019-04-30,BULL,29.382631858286377,1.9109259855049905,29.251997111812933,1.0,55.89840140888026,1.9109259855049905,29.251997111812933,smooth_fair_pe_pit_truth_xnys_v5
2019-05-01,BULL,29.42201880888196,1.9109259855049905,30.43630459362025,1.0,58.16152535069384,1.9109259855049905,30.43630459362025,smooth_fair_pe_pit_truth_xnys_v5
2019-05-02,BULL,29.460471919315665,1.9109259855049905,31.18670887097455,1.0,59.59549238392426,1.9109259855049905,31.18670887097455,smooth_fair_pe_pit_truth_xnys_v5
2019-05-03,BULL,29.49801208885223,1.9109259855049905,30.1599401988764,1.0,57.63341344730945,1.9109259855049905,30.1599401988764,smooth_fair_pe_pit_truth_xnys_v5
2019-05-06,BULL,29.534659810537796,1.9109259855049905,29.79788817259765,1.0,56.941558822188654,1.9109259855049905,29.79788817259765,smooth_fair_pe_pit_truth_xnys_v5
2019-05-07,BULL,29.57043517594014,1.9109259855049905,29.461163297636315,1.0,56.29810250865912,1.9109259855049905,29.461163297636315,smooth_fair_pe_pit_truth_xnys_v5
2019-05-08,BULL,29.60535788001464,1.9109259855049905,29.460138021947184,1.0,56.29614328270246,1.9109259855049905,29.460138021947184,smooth_fair_pe_pit_truth_xnys_v5
2019-05-09,BULL,29.63944722608237,1.9109259855049905,29.470750744016183,1.0,56.31642340908105,1.9109259855049905,29.470750744016183,smooth_fair_pe_pit_truth_xnys_v5
2019-05-10,BULL,29.6727221309077,1.9109259855049905,31.149402825135716,1.0,59.52420329151439,1.9109259855049905,31.149402825135716,smooth_fair_pe_pit_truth_xnys_v5
2019-05-13,BULL,29.70520112986289,1.9109259855049905,30.49567695013124,1.0,58.27498152957135,1.9109259855049905,30.49567695013124,smooth_fair_pe_pit_truth_xnys_v5
2019-05-14,BULL,29.736902382168687,1.9109259855049905,30.60603624680915,1.0,58.48586997733523,1.9109259855049905,30.60603624680915,smooth_fair_pe_pit_truth_xnys_v5
2019-05-15,BULL,29.767843676199803,1.9109259855049905,30.92626565584486,1.0,59.09780467638447,1.9109259855049905,30.92626565584486,smooth_fair_pe_pit_truth_xnys_v5
2019-05-16,BULL,29.7980424348452,1.9109259855049905,30.88593441485008,1.0,59.02073465993988,1.9109259855049905,30.88593441485008,smooth_fair_pe_pit_truth_xnys_v5
2019-05-17,BULL,29.827515720913684,1.9109259855049905,30.911282768470347,1.0,59.06917348756262,1.9109259855049905,30.911282768470347,smooth_fair_pe_pit_truth_xnys_v5
2019-05-20,BULL,29.85628024257569,1.9109259855049905,30.29968135338512,1.0,57.90044845070464,1.9109259855049905,30.29968135338512,smooth_fair_pe_pit_truth_xnys_v5
2019-05-21,BULL,29.884352358832853,1.9109259855049905,30.35949225698029,1.0,58.01474266060118,1.9109259855049905,30.35949225698029,smooth_fair_pe_pit_truth_xnys_v5
2019-05-22,BULL,29.91174808500748,1.9109259855049905,30.639323389377815,1.0,58.54947924305291,1.9109259855049905,30.639323389377815,smooth_fair_pe_pit_truth_xnys_v5
2019-05-23,BULL,29.938483098244408,1.9109259855049905,30.80362854660494,1.0,58.8634542375507,1.9109259855049905,30.80362854660494,smooth_fair_pe_pit_truth_xnys_v5
2019-05-24,BULL,29.96457274301828,1.9109259855049905,31.0953380106036,1.0,59.420889432523474,1.9109259855049905,31.0953380106036,smooth_fair_pe_pit_truth_xnys_v5
2019-05-28,BULL,29.990032036639803,1.9109259855049905,31.852364087334497,1.0,60.86751023425343,1.9109259855049905,31.852364087334497,smooth_fair_pe_pit_truth_xnys_v5
2019-05-29,BULL,30.0148756747548,1.9109259855049905,32.30397422339861,1.0,61.7305037785758,1.9109259855049905,32.30397422339861,smooth_fair_pe_pit_truth_xnys_v5
2019-05-30,BULL,30.039118036830462,1.9109259855049905,32.22914250493631,1.0,61.587505903226194,1.9109259855049905,32.22914250493631,smooth_fair_pe_pit_truth_xnys_v5
2019-05-31,BULL,30.0627731916235,1.9109259855049905,31.448282485410218,1.0,60.095340200871846,1.9109259855049905,31.448282485410218,smooth_fair_pe_pit_truth_xnys_v5
2019-06-03,BULL,30.085854902625208,1.9109259855049905,31.050296605895745,1.0,59.334818641843576,1.9109259855049905,31.050296605895745,smooth_fair_pe_pit_truth_xnys_v5
2019-06-04,BULL,30.108376633478983,1.9109259855049905,30.89239718827596,1.0,59.03308454161783,1.9109259855049905,30.89239718827596,smooth_fair_pe_pit_truth_xnys_v5
2019-06-05,BULL,30.130351553365983,1.9109259855049905,31.007822968447968,1.0,59.2536546643457,1.9109259855049905,31.007822968447968,smooth_fair_pe_pit_truth_xnys_v5
2019-06-06,BEAR,29.702316192171217,1.9109259855049905,30.253115003874345,1.0,57.81146360337439,1.9109259855049905,30.253115003874345,smooth_fair_pe_pit_truth_xnys_v5
2019-06-07,BEAR,29.29083700511181,1.9109259855049905,29.303390242710268,1.0,55.99660987818844,1.9109259855049905,29.303390242710268,smooth_fair_pe_pit_truth_xnys_v5
2019-06-10,BULL,29.33239535020008,1.9109259855049905,28.72327425385505,1.0,54.88805116047807,1.9109259855049905,28.72327425385505,smooth_fair_pe_pit_truth_xnys_v5
2019-06-11,BULL,29.37297150697496,1.9109259855049905,27.95589245756885,1.0,53.42164134515128,1.9109259855049905,27.95589245756885,smooth_fair_pe_pit_truth_xnys_v5
2019-06-12,BULL,29.412587301779688,1.9109259855049905,27.958283055377464,1.0,53.42620960062465,1.9109259855049905,27.958283055377464,smooth_fair_pe_pit_truth_xnys_v5
2019-06-13,BULL,29.45126414464514,1.9109259855049905,27.34725601292252,1.0,52.25858214735124,1.9109259855049905,27.34725601292252,smooth_fair_pe_pit_truth_xnys_v5
2019-06-14,BULL,29.489023033694664,1.9109259855049905,27.013459195510524,1.0,51.62072113507979,1.9109259855049905,27.013459195510524,smooth_fair_pe_pit_truth_xnys_v5
2019-06-17,BULL,29.525884559708043,1.9109259855049905,26.997795009817697,1.0,51.59078803559759,1.9109259855049905,26.997795009817697,smooth_fair_pe_pit_truth_xnys_v5
2019-06-18,BULL,29.56186891082916,1.9109259855049905,26.53056353565922,1.0,50.69794327038235,1.9109259855049905,26.53056353565922,smooth_fair_pe_pit_truth_xnys_v5
2019-06-19,BULL,29.596995877402858,1.9109259855049905,26.918445837073268,1.0,51.43915763947194,1.9109259855049905,26.918445837073268,smooth_fair_pe_pit_truth_xnys_v5
2019-06-20,BULL,29.63128485692714,1.9109259855049905,27.4670007055736,1.0,52.4874053921645,1.9109259855049905,27.4670007055736,smooth_fair_pe_pit_truth_xnys_v5
2019-06-21,BULL,29.66475485910784,1.9109259855049905,27.3516063516737,1.0,52.26689532271661,1.9109259855049905,27.3516063516737,smooth_fair_pe_pit_truth_xnys_v5
2019-06-24,BULL,29.697424511003305,1.9109259855049905,27.29983124070936,1.0,52.16795691777245,1.9109259855049905,27.29983124070936,smooth_fair_pe_pit_truth_xnys_v5
2019-06-25,BULL,29.729312062247637,1.9109259855049905,27.734530259975344,1.0,52.99863456956136,1.9109259855049905,27.734530259975344,smooth_fair_pe_pit_truth_xnys_v5
2019-06-26,BULL,29.760435390341407,1.9109259855049905,27.52349392269684,1.0,52.59535974877007,1.9109259855049905,27.52349392269684,smooth_fair_pe_pit_truth_xnys_v5
2019-06-27,BULL,29.79081200599964,1.9109259855049905,27.293793462353044,1.0,52.15641917021665,1.9109259855049905,27.293793462353044,smooth_fair_pe_pit_truth_xnys_v5
2019-06-28,BULL,29.820459058547264,1.9109259855049905,28.062759828015004,1.0,53.62585698033942,1.9109259855049905,28.062759828015004,smooth_fair_pe_pit_truth_xnys_v5
2019-07-01,BULL,29.84939334135299,1.9109259855049905,28.644850618853607,1.0,54.73818939847606,1.9109259855049905,28.644850618853607,smooth_fair_pe_pit_truth_xnys_v5
2019-07-02,BULL,29.877631297292886,1.9109259855049905,29.055814250136383,1.0,55.52351048059181,1.9109259855049905,29.055814250136383,smooth_fair_pe_pit_truth_xnys_v5
2019-07-03,BULL,29.905189024235764,1.9109259855049905,29.62076480932168,1.0,56.60308918466456,1.9109259855049905,29.62076480932168,smooth_fair_pe_pit_truth_xnys_v5
2019-07-05,BULL,29.93208228054265,1.9109259855049905,28.62718740674211,1.0,54.70443630746471,1.9109259855049905,28.62718740674211,smooth_fair_pe_pit_truth_xnys_v5
2019-07-08,BULL,29.95832649057345,1.9109259855049905,30.12093878822784,1.0,57.55888463822977,1.9109259855049905,30.12093878822784,smooth_fair_pe_pit_truth_xnys_v5
2019-07-09,BULL,29.98393675019392,1.9109259855049905,30.39213988525399,1.0,58.0771298618345,1.9109259855049905,30.39213988525399,smooth_fair_pe_pit_truth_xnys_v5
2019-07-10,BULL,30.008927832277067,1.9552767448657105,30.29045682516515,1.0,59.22622582160426,1.9552767448657105,30.29045682516515,smooth_fair_pe_pit_truth_xnys_v5
2019-07-11,BULL,30.033314192193,1.9552767448657105,30.50997437963958,1.0,59.6554433909579,1.9552767448657105,30.50997437963958,smooth_fair_pe_pit_truth_xnys_v5
2019-07-12,BULL,30.05710997328187,1.9552767448657105,30.53218947680445,1.0,59.698880053829306,1.9552767448657105,30.53218947680445,smooth_fair_pe_pit_truth_xnys_v5
2019-07-15,BULL,30.08032901230499,1.9552767448657105,30.37613344984843,1.0,59.39374733342606,1.9552767448657105,30.37613344984843,smooth_fair_pe_pit_truth_xnys_v5
2019-07-16,BULL,30.10298484486937,1.9552767448657105,30.582610478393285,1.0,59.79746706568879,1.9552767448657105,30.582610478393285,smooth_fair_pe_pit_truth_xnys_v5
2019-07-17,BULL,30.12509071082149,1.9552767448657105,30.404959543989406,1.0,59.45011032494522,1.9552767448657105,30.404959543989406,smooth_fair_pe_pit_truth_xnys_v5
2019-07-18,BULL,30.146659559606164,1.9552767448657105,30.88863718817278,1.0,60.3958339746284,1.9552767448657105,30.88863718817278,smooth_fair_pe_pit_truth_xnys_v5
2019-07-19,BULL,30.167704055587016,1.9552767448657105,29.996212967809885,1.0,58.65089764999792,1.9552767448657105,29.996212967809885,smooth_fair_pe_pit_truth_xnys_v5
2019-07-22,BULL,30.18823658332491,1.9552767448657105,29.73560661870177,1.0,58.14134011602247,1.9552767448657105,29.73560661870177,smooth_fair_pe_pit_truth_xnys_v5
2019-07-23,BULL,30.208269252811498,1.9552767448657105,30.898938227313444,1.0,60.4159753569081,1.9552767448657105,30.898938227313444,smooth_fair_pe_pit_truth_xnys_v5
2019-07-24,BULL,30.227813904654838,1.9552767448657105,30.53100711177008,1.0,59.69656820297365,1.9552767448657105,30.53100711177008,smooth_fair_pe_pit_truth_xnys_v5
2019-07-25,BULL,30.24688211521449,1.9552767448657105,30.401084631951125,1.0,59.44253379954837,1.9552767448657105,30.401084631951125,smooth_fair_pe_pit_truth_xnys_v5
2019-07-26,BULL,30.26548520168385,1.9552767448657105,29.93120469234153,1.0,58.52378848075083,1.9552767448657105,29.93120469234153,smooth_fair_pe_pit_truth_xnys_v5
2019-07-29,BULL,30.28363422711736,1.9552767448657105,30.150836215392413,1.0,58.953228890211655,1.9552767448657105,30.150836215392413,smooth_fair_pe_pit_truth_xnys_v5
2019-07-30,BULL,30.301340005400814,1.9552767448657105,29.779137696492075,1.0,58.2264554201048,1.9552767448657105,29.779137696492075,smooth_fair_pe_pit_truth_xnys_v5
2019-07-31,BULL,30.318613106162847,1.9552767448657105,29.72772130725986,1.0,58.12592214993408,1.9552767448657105,29.72772130725986,smooth_fair_pe_pit_truth_xnys_v5
2019-08-01,BULL,30.335463859626262,1.9552767448657105,30.237900770814868,1.0,59.123464190731255,1.9552767448657105,30.237900770814868,smooth_fair_pe_pit_truth_xnys_v5
2019-08-02,BULL,30.35190236139756,1.9552767448657105,29.88191391405256,1.0,58.42741136822607,1.9552767448657105,29.88191391405256,smooth_fair_pe_pit_truth_xnys_v5
2019-08-05,BULL,30.36793847719353,1.9552767448657105,30.35353420505377,1.0,59.349559555627536,1.9552767448657105,30.35353420505377,smooth_fair_pe_pit_truth_xnys_v5
2019-08-06,BULL,30.383581847504008,1.9552767448657105,30.82285770852257,1.0,60.26721688777898,1.9552767448657105,30.82285770852257,smooth_fair_pe_pit_truth_xnys_v5
2019-08-07,BULL,30.3988418921895,1.9552767448657105,31.40247240313259,1.0,61.4005240211324,1.9552767448657105,31.40247240313259,smooth_fair_pe_pit_truth_xnys_v5
2019-08-08,BULL,30.413727815013274,1.9552767448657105,31.43610292099142,1.0,61.46628099061956,1.9552767448657105,31.43610292099142,smooth_fair_pe_pit_truth_xnys_v5
2019-08-09,BULL,30.42824860810697,1.9552767448657105,33.274562721396435,1.0,65.06097868472195,1.9552767448657105,33.274562721396435,smooth_fair_pe_pit_truth_xnys_v5
2019-08-12,BULL,30.44241305636936,1.9552767448657105,33.74643949741391,1.0,65.98362837131111,1.9552767448657105,33.74643949741391,smooth_fair_pe_pit_truth_xnys_v5
2019-08-13,BULL,30.456229741797728,1.9552767448657105,33.75046469259055,1.0,65.99149874183354,1.9552767448657105,33.75046469259055,smooth_fair_pe_pit_truth_xnys_v5
2019-08-14,BULL,30.46970704775164,1.9552767448657105,33.03302257094222,1.0,64.58870084558745,1.9552767448657105,33.03302257094222,smooth_fair_pe_pit_truth_xnys_v5
2019-08-15,BULL,30.482853163148803,1.9552767448657105,32.83009254656897,1.0,64.1919164880954,1.9552767448657105,32.83009254656897,smooth_fair_pe_pit_truth_xnys_v5
2019-08-16,BULL,30.49567608659293,1.9552767448657105,33.54839874430513,1.0,65.59640389222183,1.9552767448657105,33.54839874430513,smooth_fair_pe_pit_truth_xnys_v5
2019-08-19,BULL,30.508183630433575,1.9552767448657105,34.41341852240755,1.0,67.28775694819437,1.9552767448657105,34.41341852240755,smooth_fair_pe_pit_truth_xnys_v5
2019-08-20,BULL,30.52038342475793,1.9552767448657105,35.10098509932168,1.0,68.6321398865815,1.9552767448657105,35.10098509932168,smooth_fair_pe_pit_truth_xnys_v5
2019-08-21,BULL,30.53228292131481,1.9552767448657105,35.316928235820974,1.0,69.05436847959193,1.9552767448657105,35.316928235820974,smooth_fair_pe_pit_truth_xnys_v5
2019-08-22,BULL,30.54388939737081,1.9552767448657105,34.24038909540945,1.0,66.94943653340755,1.9552767448657105,34.24038909540945,smooth_fair_pe_pit_truth_xnys_v5
2019-08-23,BULL,30.555209959499177,1.9552767448657105,34.31871785954771,1.0,67.10259094438118,1.9552767448657105,34.31871785954771,smooth_fair_pe_pit_truth_xnys_v5
2019-08-26,BULL,30.56625154730142,1.9552767448657105,33.33932496903252,1.0,65.18760680147001,1.9552767448657105,33.33932496903252,smooth_fair_pe_pit_truth_xnys_v5
2019-08-27,BULL,30.57702093706219,1.9552767448657105,32.301218335903734,1.0,63.15782104302245,1.9552767448657105,32.301218335903734,smooth_fair_pe_pit_truth_xnys_v5
2019-08-28,BULL,30.58752474533785,1.9552767448657105,32.34507911913404,1.0,63.24358101248427,1.9552767448657105,32.34507911913404,smooth_fair_pe_pit_truth_xnys_v5
2019-08-29,BULL,30.59776943247912,1.9552767448657105,32.5527607375336,1.0,63.64965605127699,1.9552767448657105,32.5527607375336,smooth_fair_pe_pit_truth_xnys_v5
2019-08-30,BULL,30.607761306088403,1.9552767448657105,32.974461447524895,1.0,64.47419764281634,1.9552767448657105,32.974461447524895,smooth_fair_pe_pit_truth_xnys_v5
2019-09-03,BULL,30.617506524412207,1.9552767448657105,33.133053301164,1.0,64.78428860616202,1.9552767448657105,33.133053301164,smooth_fair_pe_pit_truth_xnys_v5
2019-09-04,BULL,30.627011099669467,1.9552767448657105,33.30384104836842,1.0,65.11822591657884,1.9552767448657105,33.30384104836842,smooth_fair_pe_pit_truth_xnys_v5
2019-09-05,BULL,30.63628090131616,1.9552767448657105,32.5645472266402,1.0,63.672701899330754,1.9552767448657105,32.5645472266402,smooth_fair_pe_pit_truth_xnys_v5
2019-09-06,BULL,30.645321659247024,1.9552767448657105,32.393808543810806,1.0,63.33886052334543,1.9552767448657105,32.393808543810806,smooth_fair_pe_pit_truth_xnys_v5
2019-09-09,BULL,30.65413896693496,1.9552767448657105,31.431093758538967,1.0,61.45648669176502,1.9552767448657105,31.431093758538967,smooth_fair_pe_pit_truth_xnys_v5
2019-09-10,BULL,30.66273828450896,1.9552767448657105,30.28085595187715,1.0,59.20745345733383,1.9552767448657105,30.28085595187715,smooth_fair_pe_pit_truth_xnys_v5
2019-09-11,BULL,30.67112494177108,1.9552767448657105,30.71873378571783,1.0,60.06362580293468,1.9552767448657105,30.71873378571783,smooth_fair_pe_pit_truth_xnys_v5
2019-09-12,BULL,30.679304141153416,1.9552767448657105,30.310373908666072,1.0,59.26516923179916,1.9552767448657105,30.310373908666072,smooth_fair_pe_pit_truth_xnys_v5
2019-09-13,BULL,30.687280960615727,1.9552767448657105,30.82052514951661,1.0,60.26265608939861,1.9552767448657105,30.82052514951661,smooth_fair_pe_pit_truth_xnys_v5
2019-09-16,BULL,30.6950603564845,1.9552767448657105,31.44137317756603,1.0,61.47658580073937,1.9552767448657105,31.44137317756603,smooth_fair_pe_pit_truth_xnys_v5
2019-09-17,BULL,30.70264716623432,1.9552767448657105,31.055710154420755,1.0,60.7225078602288,1.9552767448657105,31.055710154420755,smooth_fair_pe_pit_truth_xnys_v5
2019-09-18,BULL,30.710046111212243,1.9552767448657105,31.373488541609376,1.0,61.343852550719646,1.9552767448657105,31.373488541609376,smooth_fair_pe_pit_truth_xnys_v5
2019-09-19,BULL,30.717261799306105,1.9552767448657105,30.96987420786555,1.0,60.55467483005588,1.9552767448657105,30.96987420786555,smooth_fair_pe_pit_truth_xnys_v5
2019-09-20,BULL,30.724298727557468,1.9552767448657105,29.949923300081743,1.0,58.56038853916153,1.9552767448657105,29.949923300081743,smooth_fair_pe_pit_truth_xnys_v5
2019-09-23,BULL,30.7311612847202,1.9552767448657105,30.06919696990503,1.0,58.79360157204179,1.9552767448657105,30.06919696990503,smooth_fair_pe_pit_truth_xnys_v5
2019-09-24,BULL,30.73785375376533,1.9552767448657105,29.86089798621332,1.0,58.38631941325022,1.9552767448657105,29.86089798621332,smooth_fair_pe_pit_truth_xnys_v5
2019-09-25,BULL,30.74438031433321,1.9552767448657105,29.68308256685618,1.0,58.03864105890267,1.9552767448657105,29.68308256685618,smooth_fair_pe_pit_truth_xnys_v5
2019-09-26,BULL,30.75074504513365,1.9552767448657105,30.828766940463773,1.0,60.27877107157363,1.9552767448657105,30.828766940463773,smooth_fair_pe_pit_truth_xnys_v5
2019-09-27,BULL,30.756951926295045,1.9552767448657105,29.995057051754166,1.0,58.64863751421516,1.9552767448657105,29.995057051754166,smooth_fair_pe_pit_truth_xnys_v5
2019-09-30,BULL,30.763004841663196,1.9552767448657105,30.25392926718771,1.0,59.15480433694424,1.9552767448657105,30.25392926718771,smooth_fair_pe_pit_truth_xnys_v5
2019-10-01,BULL,30.768907581050733,1.9552767448657105,29.752483389744228,1.0,58.17433887397021,1.9552767448657105,29.752483389744228,smooth_fair_pe_pit_truth_xnys_v5
2019-10-02,BULL,30.774663842438063,1.9552767448657105,30.30958190626053,1.0,59.26362064791372,1.9552767448657105,30.30958190626053,smooth_fair_pe_pit_truth_xnys_v5
2019-10-03,BULL,30.7802772341265,1.9552767448657105,30.506254153528182,1.0,59.648169319356654,1.9552767448657105,30.506254153528182,smooth_fair_pe_pit_truth_xnys_v5
2019-10-04,BULL,30.78575127684457,1.9552767448657105,31.50279792856978,1.0,61.59668818793617,1.9552767448657105,31.50279792856978,smooth_fair_pe_pit_truth_xnys_v5
2019-10-07,BULL,30.79108940580828,1.9552767448657105,30.979831422133117,1.0,60.57414393955689,1.9552767448657105,30.979831422133117,smooth_fair_pe_pit_truth_xnys_v5
2019-10-08,BULL,30.79629497273616,2.0039772261856847,29.85141496245372,1.0,59.82155575417585,2.0039772261856847,29.85141496245372,smooth_fair_pe_pit_truth_xnys_v5
2019-10-09,BULL,30.801371247819947,2.0039772261856847,30.41565063804908,1.0,60.952271198270445,2.0039772261856847,30.41565063804908,smooth_fair_pe_pit_truth_xnys_v5
2019-10-10,BULL,30.80632142165166,2.0039772261856847,31.429548109847683,1.0,62.98409864144209,2.0039772261856847,31.429548109847683,smooth_fair_pe_pit_truth_xnys_v5
2019-10-11,BULL,30.81114860710799,2.0039772261856847,31.669338793420057,1.0,63.464633710372624,2.0039772261856847,31.669338793420057,smooth_fair_pe_pit_truth_xnys_v5
2019-10-14,BULL,30.81585584119264,2.0039772261856847,31.11530534011533,1.0,62.354363287404944,2.0039772261856847,31.11530534011533,smooth_fair_pe_pit_truth_xnys_v5
2019-10-15,BULL,30.82044608683763,2.0039772261856847,31.29221806166158,1.0,62.70889235240615,2.0039772261856847,31.29221806166158,smooth_fair_pe_pit_truth_xnys_v5
2019-10-16,BULL,30.82492223466415,2.0039772261856847,32.66478849838697,1.0,65.45949224893958,2.0039772261856847,32.66478849838697,smooth_fair_pe_pit_truth_xnys_v5
2019-10-17,BULL,30.82928710470389,2.0039772261856847,32.616048284919785,1.0,65.36181797115191,2.0039772261856847,32.616048284919785,smooth_fair_pe_pit_truth_xnys_v5
2019-10-18,BULL,30.83354344808155,2.0039772261856847,33.37727482288239,1.0,66.88729861719715,2.0039772261856847,33.37727482288239,smooth_fair_pe_pit_truth_xnys_v5
2019-10-21,BULL,30.837693948659272,2.0039772261856847,32.78357474329099,1.0,65.69753717851135,2.0039772261856847,32.78357474329099,smooth_fair_pe_pit_truth_xnys_v5
2019-10-22,BULL,30.84174122464386,2.0039772261856847,32.64298296959478,1.0,65.4157944658351,2.0039772261856847,32.64298296959478,smooth_fair_pe_pit_truth_xnys_v5
2019-10-23,BULL,30.84568783015741,2.0039772261856847,32.90104400799572,1.0,65.9329429097564,2.0039772261856847,32.90104400799572,smooth_fair_pe_pit_truth_xnys_v5
2019-10-24,BULL,30.849536256772137,2.0039772261856847,33.013303281100264,1.0,66.15790793648607,2.0039772261856847,33.013303281100264,smooth_fair_pe_pit_truth_xnys_v5
2019-10-25,BULL,30.853288935010145,2.0039772261856847,32.4327890041403,1.0,64.99457054598265,2.0039772261856847,32.4327890041403,smooth_fair_pe_pit_truth_xnys_v5
2019-10-28,BULL,30.85694823580881,2.0039772261856847,31.871799979526617,1.0,63.87036131651672,2.0039772261856847,31.871799979526617,smooth_fair_pe_pit_truth_xnys_v5
2019-10-29,BULL,30.86051647195257,2.0039772261856847,32.384657508890506,1.0,64.8981161256398,2.0039772261856847,32.384657508890506,smooth_fair_pe_pit_truth_xnys_v5
2019-10-30,BULL,30.863995899471632,2.0039772261856847,32.994899881857414,1.0,66.121027943519,2.0039772261856847,32.994899881857414,smooth_fair_pe_pit_truth_xnys_v5
2019-10-31,BULL,30.867388719008567,2.0039772261856847,33.77347550137468,1.0,67.68127575389501,2.0039772261856847,33.77347550137468,smooth_fair_pe_pit_truth_xnys_v5
2019-11-01,SIDEWAYS,30.641187314650047,2.0039772261856847,34.44599770750328,1.0,69.02899493908087,2.0039772261856847,34.44599770750328,smooth_fair_pe_pit_truth_xnys_v5
2019-11-04,SIDEWAYS,30.42223704134208,2.0039772261856847,34.042911391630966,1.0,68.22121914188567,2.0039772261856847,34.042911391630966,smooth_fair_pe_pit_truth_xnys_v5
2019-11-05,SIDEWAYS,30.210266968967755,2.0039772261856847,33.390832012862084,1.0,66.91446691716753,2.0039772261856847,33.390832012862084,smooth_fair_pe_pit_truth_xnys_v5
2019-11-06,SIDEWAYS,30.00501823135867,2.0039772261856847,33.776863146463704,1.0,67.68806451750382,2.0039772261856847,33.776863146463704,smooth_fair_pe_pit_truth_xnys_v5
2019-11-07,SIDEWAYS,29.806243392983745,2.0039772261856847,33.74593103072851,1.0,67.62607726201274,2.0039772261856847,33.74593103072851,smooth_fair_pe_pit_truth_xnys_v5
2019-11-08,SIDEWAYS,29.613705853761555,2.0039772261856847,32.695797201962186,1.0,65.52163298471785,2.0039772261856847,32.695797201962186,smooth_fair_pe_pit_truth_xnys_v5
2019-11-11,SIDEWAYS,29.42717928943005,2.0039772261856847,31.702069721381044,1.0,63.53022574459837,2.0039772261856847,31.702069721381044,smooth_fair_pe_pit_truth_xnys_v5
2019-11-12,SIDEWAYS,29.246447125097355,2.0039772261856847,31.64589073117952,1.0,63.4176443276444,2.0039772261856847,31.64589073117952,smooth_fair_pe_pit_truth_xnys_v5
2019-11-13,SIDEWAYS,29.07130203977221,2.0039772261856847,31.208164776204804,1.0,62.54045148256469,2.0039772261856847,31.208164776204804,smooth_fair_pe_pit_truth_xnys_v5
2019-11-14,SIDEWAYS,28.901545499832924,2.0039772261856847,30.87948000593656,1.0,61.88177468835306,2.0039772261856847,30.87948000593656,smooth_fair_pe_pit_truth_xnys_v5
2019-11-15,SIDEWAYS,28.73698731954191,2.0039772261856847,31.178091608684067,1.0,62.48018553973387,2.0039772261856847,31.178091608684067,smooth_fair_pe_pit_truth_xnys_v5
2019-11-18,SIDEWAYS,28.577445246848896,2.0039772261856847,31.278132697291497,1.0,62.68066560298598,2.0039772261856847,31.278132697291497,smooth_fair_pe_pit_truth_xnys_v5
2019-11-19,SIDEWAYS,28.422744572851773,2.0039772261856847,31.69030381021169,1.0,63.50664712656966,2.0039772261856847,31.69030381021169,smooth_fair_pe_pit_truth_xnys_v5
2019-11-20,SIDEWAYS,28.27271776339953,2.0039772261856847,30.247739656718917,1.0,60.615781415658304,2.0039772261856847,30.247739656718917,smooth_fair_pe_pit_truth_xnys_v5
2019-11-21,SIDEWAYS,28.12720411142893,2.0039772261856847,30.10740321596999,1.0,60.3345503843935,2.0039772261856847,30.10740321596999,smooth_fair_pe_pit_truth_xnys_v5
2019-11-22,SIDEWAYS,27.986049408724988,2.0039772261856847,30.20967935602497,1.0,60.53950943984587,2.0039772261856847,30.20967935602497,smooth_fair_pe_pit_truth_xnys_v5
2019-11-25,SIDEWAYS,27.84910563588665,2.0039772261856847,29.113184986027576,1.0,58.34215969373027,2.0039772261856847,29.113184986027576,smooth_fair_pe_pit_truth_xnys_v5
2019-11-26,SIDEWAYS,27.71623066936328,2.0039772261856847,28.55856690216482,1.0,57.23071768443856,2.0039772261856847,28.55856690216482,smooth_fair_pe_pit_truth_xnys_v5
2019-11-27,SIDEWAYS,27.5872880045054,2.0039772261856847,27.948647242976023,1.0,56.00845257762128,2.0039772261856847,27.948647242976023,smooth_fair_pe_pit_truth_xnys_v5
2019-11-29,SIDEWAYS,27.46214649364527,2.0039772261856847,27.8110110113221,1.0,55.7326327038888,2.0039772261856847,27.8110110113221,smooth_fair_pe_pit_truth_xnys_v5
2019-12-02,SIDEWAYS,27.34068009828967,2.0039772261856847,28.4897144923939,1.0,57.09273902328963,2.0039772261856847,28.4897144923939,smooth_fair_pe_pit_truth_xnys_v5
2019-12-03,SIDEWAYS,27.22276765456895,2.0039772261856847,29.346041176320348,1.0,58.80879819605334,2.0039772261856847,29.346041176320348,smooth_fair_pe_pit_truth_xnys_v5
2019-12-04,SIDEWAYS,27.108292651143717,2.0039772261856847,28.66796371832564,1.0,57.44994641264207,2.0039772261856847,28.66796371832564,smooth_fair_pe_pit_truth_xnys_v5
2019-12-05,SIDEWAYS,26.99714301882373,2.0039772261856847,28.72572929314371,1.0,57.565707309035005,2.0039772261856847,28.72572929314371,smooth_fair_pe_pit_truth_xnys_v5
2019-12-06,SIDEWAYS,26.889210931202665,2.0039772261856847,28.792701152917967,1.0,57.69991739081792,2.0039772261856847,28.792701152917967,smooth_fair_pe_pit_truth_xnys_v5
2019-12-09,SIDEWAYS,26.78439261565809,2.0039772261856847,28.76299330353373,1.0,57.64038353721294,2.0039772261856847,28.76299330353373,smooth_fair_pe_pit_truth_xnys_v5
2019-12-10,SIDEWAYS,26.682588174108822,2.0039772261856847,28.737040371923413,1.0,57.58837445331312,2.0039772261856847,28.737040371923413,smooth_fair_pe_pit_truth_xnys_v5
2019-12-11,SIDEWAYS,26.583701412960625,2.0039772261856847,28.65966677448147,1.0,57.433319526131406,2.0039772261856847,28.65966677448147,smooth_fair_pe_pit_truth_xnys_v5
2019-12-12,SIDEWAYS,26.487639681708355,2.0039772261856847,29.30433349080307,1.0,58.7252169441198,2.0039772261856847,29.30433349080307,smooth_fair_pe_pit_truth_xnys_v5
2019-12-13,SIDEWAYS,26.394313719696488,2.0039772261856847,29.60628799412675,1.0,59.33032689212466,2.0039772261856847,29.60628799412675,smooth_fair_pe_pit_truth_xnys_v5
2019-12-16,SIDEWAYS,26.303637510571736,2.0039772261856847,28.74811934161028,1.0,57.6105764562552,2.0039772261856847,28.74811934161028,smooth_fair_pe_pit_truth_xnys_v5
2019-12-17,SIDEWAYS,26.215528143990863,2.0039772261856847,28.910593875349264,1.0,57.93617172170326,2.0039772261856847,28.910593875349264,smooth_fair_pe_pit_truth_xnys_v5
2019-12-18,SIDEWAYS,26.129905684174336,2.0039772261856847,29.111346294847262,1.0,58.33847499847894,2.0039772261856847,29.111346294847262,smooth_fair_pe_pit_truth_xnys_v5
2019-12-19,SIDEWAYS,26.04669304492192,2.0039772261856847,28.99504368388594,1.0,58.1054072147665,2.0039772261856847,28.99504368388594,smooth_fair_pe_pit_truth_xnys_v5
2019-12-20,SIDEWAYS,25.965815870730346,2.0039772261856847,29.31052263935433,1.0,58.73761985686601,2.0039772261856847,29.31052263935433,smooth_fair_pe_pit_truth_xnys_v5
2019-12-23,SIDEWAYS,25.887202423675195,2.0039772261856847,29.10848784909048,1.0,58.33274673828005,2.0039772261856847,29.10848784909048,smooth_fair_pe_pit_truth_xnys_v5
2019-12-24,SIDEWAYS,25.810783475739875,2.0039772261856847,28.92322777899794,1.0,57.96148977689304,2.0039772261856847,28.92322777899794,smooth_fair_pe_pit_truth_xnys_v5
2019-12-26,SIDEWAYS,25.73649220629409,2.0039772261856847,28.706217004914038,1.0,57.52660512779196,2.0039772261856847,28.706217004914038,smooth_fair_pe_pit_truth_xnys_v5
2019-12-27,SIDEWAYS,25.664264104442022,2.0039772261856847,27.42411416546864,1.0,54.95730023591539,2.0039772261856847,27.42411416546864,smooth_fair_pe_pit_truth_xnys_v5
2019-12-30,SIDEWAYS,25.59403687597741,2.0039772261856847,27.2010618367313,1.0,54.51030844887808,2.0039772261856847,27.2010618367313,smooth_fair_pe_pit_truth_xnys_v5
2019-12-31,SIDEWAYS,25.525750354698427,2.0039772261856847,26.706368931404096,1.0,53.51895513264673,2.0039772261856847,26.706368931404096,smooth_fair_pe_pit_truth_xnys_v5
2020-01-02,SIDEWAYS,25.45934641785001,2.0039772261856847,26.003426367437434,1.0,52.11027424314096,2.0039772261856847,26.003426367437434,smooth_fair_pe_pit_truth_xnys_v5
2020-01-03,SIDEWAYS,25.39476890547497,2.0039772261856847,26.581944330150677,1.0,53.26961106535764,2.0039772261856847,26.581944330150677,smooth_fair_pe_pit_truth_xnys_v5
2020-01-06,SIDEWAYS,25.3319635434681,2.0039772261856847,27.494737077921243,1.0,55.09882694411731,2.0039772261856847,27.494737077921243,smooth_fair_pe_pit_truth_xnys_v5
2020-01-07,SIDEWAYS,25.270877870139635,2.0039772261856847,27.32827622452374,1.0,54.76524318485728,2.0039772261856847,27.32827622452374,smooth_fair_pe_pit_truth_xnys_v5
2020-01-08,SIDEWAYS,25.211461166105572,2.064809674365766,26.11723304362564,1.0,53.92711545614348,2.064809674365766,26.11723304362564,smooth_fair_pe_pit_truth_xnys_v5
2020-01-09,BULL,25.342071301214503,2.064809674365766,26.3370273071884,1.0,54.38094877791796,2.064809674365766,26.3370273071884,smooth_fair_pe_pit_truth_xnys_v5
2020-01-10,BULL,25.470067629417237,2.064809674365766,26.88447865140337,1.0,55.51133160969758,2.064809674365766,26.88447865140337,smooth_fair_pe_pit_truth_xnys_v5
2020-01-13,BULL,25.59548645915189,2.064809674365766,26.53151055515,1.0,54.78251966981114,2.064809674365766,26.53151055515,smooth_fair_pe_pit_truth_xnys_v5
2020-01-14,BULL,25.718364410484604,2.064809674365766,26.59918159517184,1.0,54.92224748792264,2.064809674365766,26.59918159517184,smooth_fair_pe_pit_truth_xnys_v5
2020-01-15,BULL,25.838738361462852,2.064809674365766,27.08972985986008,1.0,55.93513629059426,2.064809674365766,27.08972985986008,smooth_fair_pe_pit_truth_xnys_v5
2020-01-16,BULL,25.956645397145124,2.064809674365766,26.20689863229537,1.0,54.11225783108644,2.064809674365766,26.20689863229537,smooth_fair_pe_pit_truth_xnys_v5
2020-01-17,BULL,26.072122761231363,2.064809674365766,26.28109118527896,1.0,54.26545133225284,2.064809674365766,26.28109118527896,smooth_fair_pe_pit_truth_xnys_v5
2020-01-21,BULL,26.18520781021763,2.064809674365766,26.17936485790323,1.0,54.05540582734975,2.064809674365766,26.17936485790323,smooth_fair_pe_pit_truth_xnys_v5
2020-01-22,BULL,26.29593796999769,2.064809674365766,26.22716656964614,1.0,54.15410726420775,2.064809674365766,26.22716656964614,smooth_fair_pe_pit_truth_xnys_v5
2020-01-23,BULL,26.40435069483408,2.064809674365766,26.102677425319207,1.0,53.89706087464798,2.064809674365766,26.102677425319207,smooth_fair_pe_pit_truth_xnys_v5
2020-01-24,BULL,26.510483428621168,2.064809674365766,26.290720644512955,1.0,54.28533433283811,2.064809674365766,26.290720644512955,smooth_fair_pe_pit_truth_xnys_v5
2020-01-27,BULL,26.614373568362844,2.064809674365766,27.33729715018296,1.0,56.44631562670946,2.064809674365766,27.33729715018296,smooth_fair_pe_pit_truth_xnys_v5
2020-01-28,BULL,26.71605842978789,2.064809674365766,27.23837224507644,1.0,56.24205452560979,2.064809674365766,27.23837224507644,smooth_fair_pe_pit_truth_xnys_v5
2020-01-29,BULL,26.815575215026826,2.064809674365766,27.451858405748027,1.0,56.6828628155077,2.064809674365766,27.451858405748027,smooth_fair_pe_pit_truth_xnys_v5
2020-01-30,BULL,26.9129609822746,2.064809674365766,28.51862411822905,1.0,58.885530978920194,2.064809674365766,28.51862411822905,smooth_fair_pe_pit_truth_xnys_v5
2020-01-31,BULL,27.00825261736468,2.064809674365766,28.23929901735837,1.0,58.30877780834923,2.064809674365766,28.23929901735837,smooth_fair_pe_pit_truth_xnys_v5
2020-02-03,BULL,27.10148680718096,2.064809674365766,29.19946938878217,1.0,60.29134688030445,2.064809674365766,29.19946938878217,smooth_fair_pe_pit_truth_xnys_v5
2020-02-04,BULL,27.19270001483522,2.064809674365766,29.16976128094097,1.0,60.23000529182685,2.064809674365766,29.16976128094097,smooth_fair_pe_pit_truth_xnys_v5
2020-02-05,BULL,27.281928456539298,2.064809674365766,30.09237013512792,1.0,62.13501697960758,2.064809674365766,30.09237013512792,smooth_fair_pe_pit_truth_xnys_v5
2020-02-06,BULL,27.369208080102112,2.064809674365766,30.419581064262385,1.0,62.81064527164263,2.064809674365766,30.419581064262385,smooth_fair_pe_pit_truth_xnys_v5
2020-02-07,BULL,27.45457454498383,2.064809674365766,30.48969035611524,1.0,62.95540761572333,2.064809674365766,30.48969035611524,smooth_fair_pe_pit_truth_xnys_v5
2020-02-10,BULL,27.53806320384035,2.064809674365766,30.354727305266472,1.0,62.676734602648885,2.064809674365766,30.354727305266472,smooth_fair_pe_pit_truth_xnys_v5
2020-02-11,BULL,27.61970908549327,2.064809674365766,29.92927157841581,1.0,61.798249501833325,2.064809674365766,29.92927157841581,smooth_fair_pe_pit_truth_xnys_v5
2020-02-12,BULL,27.69954687926217,2.064809674365766,29.912283922631133,1.0,61.76317322582432,2.064809674365766,29.912283922631133,smooth_fair_pe_pit_truth_xnys_v5
2020-02-13,BULL,27.7776109205974,2.064809674365766,30.344789551945013,1.0,62.65621503344927,2.064809674365766,30.344789551945013,smooth_fair_pe_pit_truth_xnys_v5
2020-02-14,BULL,27.85393517795368,2.064809674365766,30.260071483582017,1.0,62.48128834629978,2.064809674365766,30.260071483582017,smooth_fair_pe_pit_truth_xnys_v5
2020-02-18,BULL,27.928553240846338,2.064809674365766,30.019101478382176,1.0,61.98373114833118,2.064809674365766,30.019101478382176,smooth_fair_pe_pit_truth_xnys_v5
2020-02-19,BULL,28.00149830903364,2.064809674365766,29.8324638369638,1.0,61.5983599407297,2.064809674365766,29.8324638369638,smooth_fair_pe_pit_truth_xnys_v5
2020-02-20,BULL,28.072803182770787,2.064809674365766,30.33204211919676,1.0,62.62989401098735,2.064809674365766,30.33204211919676,smooth_fair_pe_pit_truth_xnys_v5
2020-02-21,BULL,28.1425002540825,2.064809674365766,30.94133525580543,1.0,63.8879683739816,2.064809674365766,30.94133525580543,smooth_fair_pe_pit_truth_xnys_v5
2020-02-24,BULL,28.210621499003096,2.064809674365766,30.472152165571757,1.0,62.91919459021828,2.064809674365766,30.472152165571757,smooth_fair_pe_pit_truth_xnys_v5
2020-02-25,BULL,28.277198470734664,2.064809674365766,30.03937369223504,1.0,62.025589411615385,2.064809674365766,30.03937369223504,smooth_fair_pe_pit_truth_xnys_v5
2020-02-26,BULL,28.34226229367553,2.064809674365766,30.20503195688557,1.0,62.367642199104445,2.064809674365766,30.20503195688557,smooth_fair_pe_pit_truth_xnys_v5
